{"type":"FeatureCollection","name":"departamentos_chubut_censo_2022","bbox":[-72.18826214,-45.99999999,-63.58280266,-41.99998806],"features":[{"type":"Feature","properties":{"territorio_id":"26007","territorio_nombre":"Biedma","tipo_territorio":"Departamento","fuente_cartografica":"Censo 2022 - Departamentos - Chubut"},"geometry":{"type":"MultiPolygon","coordinates":[[[[-65.973601,-42.0],[-65.942741,-42.862286],[-65.454575,-42.851921],[-64.857255,-42.836409],[-64.865272,-42.833646],[-64.874647,-42.835645],[-64.879121,-42.833884],[-64.885521,-42.828983],[-64.883285,-42.825866],[-64.88733,-42.822606],[-64.886211,-42.820155],[-64.890352,-42.818132],[-64.89097,-42.812683],[-64.900036,-42.812564],[-64.902249,-42.810851],[-64.910791,-42.812612],[-64.91555,-42.811589],[-64.939845,-42.798668],[-64.950552,-42.790602],[-64.95336,-42.785391],[-64.957667,-42.785677],[-64.965685,-42.793695],[-64.972705,-42.793124],[-64.999283,-42.779847],[-65.001377,-42.779894],[-65.001663,-42.783035],[-65.003376,-42.784273],[-65.012894,-42.782869],[-65.026314,-42.773613],[-65.030835,-42.768544],[-65.036213,-42.757242],[-65.036071,-42.730562],[-65.033101,-42.725023],[-65.017911,-42.711051],[-64.995529,-42.69775],[-64.994658,-42.688413],[-64.987763,-42.670353],[-64.99059,-42.667626],[-64.98989,-42.662286],[-64.985036,-42.653649],[-64.978754,-42.648266],[-64.968932,-42.645625],[-64.959466,-42.636245],[-64.948987,-42.629464],[-64.937052,-42.622511],[-64.92316,-42.616843],[-64.882586,-42.613246],[-64.872007,-42.614559],[-64.863854,-42.618829],[-64.860784,-42.618924],[-64.850671,-42.617211],[-64.83875,-42.610548],[-64.833611,-42.610548],[-64.83235,-42.606789],[-64.826877,-42.601459],[-64.819453,-42.597414],[-64.811172,-42.595225],[-64.808246,-42.590251],[-64.790304,-42.579449],[-64.780406,-42.565838],[-64.762393,-42.552489],[-64.745499,-42.542948],[-64.722989,-42.534929],[-64.716184,-42.529647],[-64.685561,-42.512586],[-64.670284,-42.507351],[-64.649869,-42.505257],[-64.6448,-42.503544],[-64.641279,-42.499856],[-64.629167,-42.496334],[-64.596307,-42.496453],[-64.590668,-42.492979],[-64.580198,-42.490838],[-64.564089,-42.491147],[-64.51481,-42.50195],[-64.508291,-42.499546],[-64.499225,-42.499404],[-64.464604,-42.503925],[-64.402452,-42.516726],[-64.36143,-42.533953],[-64.35936,-42.534025],[-64.355958,-42.530765],[-64.347748,-42.530646],[-64.339896,-42.532835],[-64.326524,-42.540211],[-64.310462,-42.555773],[-64.308511,-42.562816],[-64.311842,-42.564482],[-64.313865,-42.567813],[-64.312342,-42.567789],[-64.310224,-42.569836],[-64.310534,-42.572001],[-64.309011,-42.572049],[-64.310795,-42.582828],[-64.308963,-42.585945],[-64.3038,-42.584945],[-64.298566,-42.580567],[-64.293776,-42.580252],[-64.294197,-42.578041],[-64.292618,-42.576725],[-64.284881,-42.575409],[-64.28246,-42.573251],[-64.276723,-42.575409],[-64.277091,-42.577673],[-64.270143,-42.579462],[-64.259564,-42.589673],[-64.256827,-42.596515],[-64.264564,-42.603779],[-64.266775,-42.609832],[-64.271775,-42.613621],[-64.273407,-42.617727],[-64.269091,-42.618306],[-64.26788,-42.620201],[-64.267354,-42.618516],[-64.264354,-42.617516],[-64.253774,-42.618095],[-64.244563,-42.613674],[-64.230036,-42.614253],[-64.223405,-42.615779],[-64.213825,-42.621938],[-64.210562,-42.627043],[-64.211194,-42.630833],[-64.218983,-42.638675],[-64.222931,-42.64857],[-64.227878,-42.651939],[-64.231458,-42.661044],[-64.238037,-42.664308],[-64.24109,-42.674255],[-64.244531,-42.676219],[-64.249406,-42.683045],[-64.247458,-42.685098],[-64.245248,-42.698099],[-64.245248,-42.712468],[-64.253511,-42.731574],[-64.25909,-42.739784],[-64.260038,-42.746995],[-64.252616,-42.767417],[-64.241984,-42.783207],[-64.236931,-42.788944],[-64.208983,-42.811208],[-64.203351,-42.819735],[-64.195193,-42.826314],[-64.194088,-42.832788],[-64.168771,-42.852263],[-64.158191,-42.857368],[-64.155033,-42.864737],[-64.148244,-42.868684],[-64.145191,-42.87379],[-64.128927,-42.877264],[-64.121401,-42.87679],[-64.109611,-42.878843],[-64.064834,-42.867992],[-64.040373,-42.863994],[-64.023955,-42.86309],[-64.010868,-42.860473],[-64.001397,-42.855619],[-63.994449,-42.855],[-63.990024,-42.85243],[-63.970464,-42.848909],[-63.9668,-42.850241],[-63.964135,-42.847195],[-63.947907,-42.843531],[-63.933726,-42.841913],[-63.918723,-42.843674],[-63.90698,-42.836678],[-63.876047,-42.83525],[-63.868386,-42.831396],[-63.850064,-42.827731],[-63.844448,-42.82854],[-63.832741,-42.823734],[-63.825984,-42.82459],[-63.819083,-42.822211],[-63.811421,-42.823401],[-63.809185,-42.819641],[-63.78815,-42.813693],[-63.750555,-42.809743],[-63.740513,-42.811075],[-63.739228,-42.813074],[-63.732851,-42.812788],[-63.725618,-42.810361],[-63.718717,-42.80427],[-63.709723,-42.803842],[-63.700491,-42.796418],[-63.685833,-42.792563],[-63.678755,-42.792754],[-63.677327,-42.79204],[-63.677362,-42.788565],[-63.666322,-42.783473],[-63.662419,-42.777763],[-63.653377,-42.778096],[-63.648095,-42.771148],[-63.641099,-42.768673],[-63.636674,-42.769101],[-63.633913,-42.766056],[-63.629964,-42.764628],[-63.632724,-42.763533],[-63.629773,-42.757394],[-63.631011,-42.753778],[-63.634437,-42.750589],[-63.635246,-42.74564],[-63.634247,-42.740881],[-63.630297,-42.739501],[-63.63358,-42.739691],[-63.637483,-42.735361],[-63.637911,-42.723701],[-63.63615,-42.719799],[-63.641195,-42.71504],[-63.641433,-42.709329],[-63.638768,-42.703381],[-63.6401,-42.702524],[-63.639815,-42.699764],[-63.630963,-42.688247],[-63.625823,-42.678396],[-63.622254,-42.676064],[-63.618161,-42.664643],[-63.619161,-42.658647],[-63.609453,-42.643513],[-63.60517,-42.629284],[-63.600553,-42.624478],[-63.585706,-42.61496],[-63.582803,-42.607346],[-63.587181,-42.601207],[-63.584849,-42.594163],[-63.58918,-42.584408],[-63.590036,-42.570654],[-63.596604,-42.564658],[-63.604123,-42.547193],[-63.604123,-42.525111],[-63.603456,-42.519924],[-63.599031,-42.51231],[-63.599031,-42.505885],[-63.60003,-42.503411],[-63.603789,-42.500984],[-63.603361,-42.495892],[-63.60536,-42.492608],[-63.608834,-42.424651],[-63.605074,-42.378299],[-63.599602,-42.358121],[-63.598555,-42.330234],[-63.603028,-42.315433],[-63.608644,-42.302299],[-63.61997,-42.283882],[-63.637673,-42.261515],[-63.671033,-42.22568],[-63.684882,-42.207263],[-63.697445,-42.186562],[-63.704583,-42.166336],[-63.7161,-42.150917],[-63.735897,-42.103376],[-63.739086,-42.097808],[-63.759454,-42.076107],[-63.773112,-42.07349],[-63.782439,-42.074299],[-63.80157,-42.072157],[-63.838357,-42.078023],[-63.847351,-42.078154],[-63.876143,-42.08415],[-63.889515,-42.087719],[-63.901079,-42.093572],[-63.90936,-42.095381],[-63.931346,-42.104137],[-63.934963,-42.103281],[-63.935296,-42.104899],[-63.937818,-42.104566],[-63.939056,-42.106707],[-63.938056,-42.109658],[-63.94291,-42.113655],[-63.950239,-42.113798],[-63.955046,-42.115939],[-63.964801,-42.114607],[-63.969846,-42.118271],[-63.970084,-42.122649],[-63.976699,-42.125076],[-63.976318,-42.127361],[-63.978364,-42.127599],[-63.979411,-42.131025],[-63.987549,-42.13745],[-64.005157,-42.142066],[-64.007584,-42.144683],[-64.013771,-42.147205],[-64.027334,-42.147634],[-64.025858,-42.151726],[-64.033377,-42.155296],[-64.036376,-42.153678],[-64.03452,-42.157009],[-64.03609,-42.158056],[-64.035709,-42.160435],[-64.039278,-42.163195],[-64.048416,-42.166194],[-64.052841,-42.165289],[-64.054555,-42.162958],[-64.056601,-42.163433],[-64.056125,-42.166812],[-64.061836,-42.169858],[-64.061979,-42.172333],[-64.075113,-42.178329],[-64.082394,-42.180232],[-64.085678,-42.178614],[-64.097575,-42.183373],[-64.105332,-42.183183],[-64.118039,-42.189322],[-64.143642,-42.196603],[-64.253293,-42.215472],[-64.309895,-42.223443],[-64.358406,-42.232664],[-64.37875,-42.238345],[-64.370035,-42.238256],[-64.358555,-42.244353],[-64.348204,-42.244264],[-64.337705,-42.246494],[-64.331429,-42.249528],[-64.321881,-42.249588],[-64.312958,-42.252146],[-64.307842,-42.248666],[-64.29886,-42.249171],[-64.290175,-42.244383],[-64.273281,-42.246465],[-64.271704,-42.244978],[-64.274084,-42.241736],[-64.270752,-42.239178],[-64.256059,-42.238821],[-64.254245,-42.235489],[-64.248356,-42.235549],[-64.246898,-42.234181],[-64.238987,-42.235995],[-64.229588,-42.24123],[-64.22938,-42.242925],[-64.231551,-42.24465],[-64.229826,-42.245662],[-64.225721,-42.242033],[-64.219921,-42.241944],[-64.215222,-42.243728],[-64.207429,-42.242003],[-64.197138,-42.245334],[-64.193509,-42.244264],[-64.185003,-42.248458],[-64.180065,-42.245781],[-64.162606,-42.243312],[-64.157401,-42.239594],[-64.151631,-42.239654],[-64.14018,-42.243252],[-64.138097,-42.239981],[-64.134915,-42.239326],[-64.124445,-42.242092],[-64.107908,-42.251134],[-64.099639,-42.250599],[-64.089816,-42.253411],[-64.079728,-42.261216],[-64.076111,-42.261168],[-64.072304,-42.263453],[-64.064071,-42.273542],[-64.059026,-42.275302],[-64.054743,-42.281822],[-64.046321,-42.300549],[-64.044369,-42.31285],[-64.045939,-42.3168],[-64.049032,-42.316895],[-64.049651,-42.324224],[-64.053316,-42.326366],[-64.057789,-42.326128],[-64.060977,-42.330078],[-64.068592,-42.329126],[-64.068021,-42.330696],[-64.070162,-42.333076],[-64.061263,-42.333885],[-64.052507,-42.341213],[-64.048604,-42.342832],[-64.045321,-42.341832],[-64.04256,-42.346543],[-64.043036,-42.351302],[-64.04751,-42.359107],[-64.051888,-42.374383],[-64.056837,-42.382664],[-64.067878,-42.385234],[-64.073684,-42.390278],[-64.077538,-42.390801],[-64.084058,-42.397797],[-64.099096,-42.403889],[-64.108233,-42.416167],[-64.120292,-42.428267],[-64.125884,-42.429694],[-64.140356,-42.428064],[-64.141213,-42.425066],[-64.149446,-42.422924],[-64.166811,-42.421812],[-64.169726,-42.420741],[-64.170052,-42.418736],[-64.177816,-42.417737],[-64.187041,-42.419403],[-64.191419,-42.415833],[-64.204459,-42.420545],[-64.215309,-42.422115],[-64.224066,-42.417547],[-64.239199,-42.418213],[-64.247337,-42.414882],[-64.260614,-42.4165],[-64.266034,-42.414436],[-64.289353,-42.41509],[-64.293689,-42.413597],[-64.297734,-42.406887],[-64.301541,-42.403936],[-64.306069,-42.405364],[-64.309668,-42.409588],[-64.314278,-42.412027],[-64.319572,-42.413127],[-64.321416,-42.41161],[-64.328198,-42.412265],[-64.32906,-42.414109],[-64.332421,-42.414852],[-64.331231,-42.41744],[-64.333611,-42.419641],[-64.354793,-42.426303],[-64.3638,-42.425947],[-64.369987,-42.422169],[-64.377542,-42.424608],[-64.380486,-42.428058],[-64.384531,-42.429189],[-64.391194,-42.428386],[-64.405173,-42.431122],[-64.409159,-42.430765],[-64.410051,-42.428921],[-64.41133,-42.432133],[-64.416803,-42.432817],[-64.419063,-42.435881],[-64.428224,-42.43948],[-64.446963,-42.439123],[-64.453255,-42.435297],[-64.46783,-42.438766],[-64.475932,-42.438623],[-64.485141,-42.431306],[-64.485212,-42.426631],[-64.481857,-42.420028],[-64.485569,-42.415459],[-64.491316,-42.42017],[-64.491351,-42.428058],[-64.498311,-42.4302],[-64.516102,-42.427908],[-64.528078,-42.42813],[-64.537929,-42.424989],[-64.540285,-42.419278],[-64.54182,-42.420135],[-64.542962,-42.425667],[-64.556168,-42.431984],[-64.570516,-42.428772],[-64.573693,-42.423882],[-64.572872,-42.421348],[-64.578939,-42.421955],[-64.579475,-42.423989],[-64.582687,-42.424453],[-64.585292,-42.426988],[-64.592502,-42.427202],[-64.601532,-42.424311],[-64.610098,-42.426381],[-64.61456,-42.424382],[-64.617665,-42.420634],[-64.614524,-42.417208],[-64.618129,-42.417351],[-64.620096,-42.402986],[-64.61774,-42.39472],[-64.595368,-42.38484],[-64.592399,-42.378901],[-64.594126,-42.372819],[-64.59337,-42.369107],[-64.577879,-42.357529],[-64.570927,-42.34832],[-64.566743,-42.337655],[-64.568771,-42.326948],[-64.567243,-42.321166],[-64.557381,-42.306135],[-64.538976,-42.290623],[-64.525825,-42.286549],[-64.525616,-42.283579],[-64.521314,-42.2808],[-64.508555,-42.27701],[-64.505885,-42.270064],[-64.490709,-42.261341],[-64.48043,-42.249527],[-64.464209,-42.239523],[-64.473561,-42.236881],[-64.540389,-42.23631],[-64.614167,-42.230789],[-64.66874,-42.223294],[-64.673987,-42.220938],[-64.696835,-42.216227],[-64.719844,-42.216322],[-64.739996,-42.214097],[-64.772071,-42.206317],[-64.800693,-42.195698],[-64.805242,-42.19842],[-64.811619,-42.199238],[-64.830425,-42.196846],[-64.839383,-42.19317],[-64.840763,-42.190082],[-64.844159,-42.191981],[-64.850383,-42.190797],[-64.880279,-42.180798],[-64.905255,-42.169555],[-64.959986,-42.137633],[-64.982294,-42.121358],[-65.013988,-42.093375],[-65.038187,-42.066428],[-65.060566,-42.0317],[-65.068525,-42.014782],[-65.07056,-42.004824],[-65.069254,-42.0],[-65.973601,-42.0]]],[[[-64.5154,-42.420456],[-64.513657,-42.419487],[-64.518547,-42.418079],[-64.516678,-42.421021],[-64.5154,-42.420456]]]]}},{"type":"Feature","properties":{"territorio_id":"26014","territorio_nombre":"Cushamen","tipo_territorio":"Departamento","fuente_cartografica":"Censo 2022 - Departamentos - Chubut"},"geometry":{"type":"Polygon","coordinates":[[[-69.428106,-42.0],[-71.773935,-42.0],[-71.775357,-42.002736],[-71.773522,-42.007574],[-71.770293,-42.009432],[-71.767462,-42.008099],[-71.762598,-42.011198],[-71.758476,-42.018147],[-71.758334,-42.023623],[-71.75507,-42.023357],[-71.754161,-42.024853],[-71.75427,-42.031551],[-71.757235,-42.037081],[-71.755136,-42.035915],[-71.752005,-42.037814],[-71.745076,-42.037215],[-71.73373,-42.043901],[-71.729493,-42.044172],[-71.727653,-42.046642],[-71.724589,-42.058468],[-71.731092,-42.063262],[-71.734874,-42.062258],[-71.733616,-42.06543],[-71.740212,-42.074325],[-71.737917,-42.078517],[-71.741711,-42.082653],[-71.72742,-42.100808],[-71.728486,-42.106738],[-71.726088,-42.109669],[-71.731618,-42.122927],[-71.745276,-42.127558],[-71.747508,-42.130456],[-71.757803,-42.128358],[-71.77725,-42.130226],[-71.775425,-42.131955],[-71.774591,-42.136752],[-71.777789,-42.139151],[-71.776323,-42.142815],[-71.781727,-42.14808],[-71.790447,-42.149711],[-71.79651,-42.146479],[-71.803461,-42.145572],[-71.808603,-42.148145],[-71.809602,-42.151143],[-71.816897,-42.156307],[-71.829723,-42.159371],[-71.831022,-42.16147],[-71.834753,-42.162569],[-71.841948,-42.160437],[-71.842515,-42.157213],[-71.845919,-42.154055],[-71.849212,-42.154074],[-71.858248,-42.159181],[-71.864344,-42.15605],[-71.874458,-42.154702],[-71.878515,-42.158081],[-71.879801,-42.167109],[-71.892906,-42.177952],[-71.892852,-42.180738],[-71.903286,-42.181667],[-71.912356,-42.188138],[-71.925293,-42.190529],[-71.936638,-42.181667],[-71.940319,-42.172477],[-71.954592,-42.164385],[-71.951132,-42.158591],[-71.957262,-42.153627],[-71.95553,-42.147298],[-71.957551,-42.141254],[-71.964924,-42.139303],[-71.969854,-42.144733],[-71.971934,-42.145047],[-71.97416,-42.142464],[-71.985524,-42.139438],[-71.999435,-42.141302],[-72.006857,-42.140083],[-72.013023,-42.136634],[-72.015973,-42.132188],[-72.023435,-42.12909],[-72.024672,-42.12533],[-72.028531,-42.122461],[-72.034295,-42.122361],[-72.040224,-42.126858],[-72.045131,-42.125121],[-72.052953,-42.1139],[-72.066477,-42.117724],[-72.063678,-42.120089],[-72.066645,-42.124312],[-72.073472,-42.125319],[-72.079087,-42.129525],[-72.080096,-42.132282],[-72.065244,-42.137378],[-72.063479,-42.13921],[-72.066377,-42.143008],[-72.066513,-42.14674],[-72.075481,-42.146147],[-72.081834,-42.143108],[-72.089443,-42.148219],[-72.099865,-42.147345],[-72.10511,-42.145126],[-72.112759,-42.147442],[-72.114984,-42.146133],[-72.117545,-42.151136],[-72.122896,-42.155014],[-72.134289,-42.149259],[-72.157941,-42.144495],[-72.163582,-42.140444],[-72.171532,-42.139365],[-72.175163,-42.142796],[-72.17553,-42.148093],[-72.179294,-42.156221],[-72.187722,-42.158719],[-72.188262,-42.160969],[-72.1857,-42.163563],[-72.184136,-42.177373],[-72.179339,-42.182099],[-72.170095,-42.185372],[-72.156808,-42.193731],[-72.155726,-42.199725],[-72.157013,-42.203974],[-72.155809,-42.205423],[-72.163833,-42.209859],[-72.166319,-42.213832],[-72.164074,-42.218372],[-72.165356,-42.219959],[-72.163504,-42.220347],[-72.158607,-42.22721],[-72.153601,-42.243416],[-72.16827,-42.250543],[-72.169234,-42.255647],[-72.168104,-42.25987],[-72.161287,-42.269593],[-72.155015,-42.272266],[-72.152796,-42.279296],[-72.149715,-42.280297],[-72.140792,-42.289516],[-72.139586,-42.29439],[-72.133212,-42.302508],[-72.135362,-42.30474],[-72.126934,-42.310369],[-72.120838,-42.323994],[-72.127267,-42.326526],[-72.138337,-42.327025],[-72.136448,-42.330324],[-72.137694,-42.335754],[-72.135828,-42.339418],[-72.138923,-42.345944],[-72.133992,-42.351654],[-72.13423,-42.35494],[-72.130898,-42.359106],[-72.135639,-42.367157],[-72.130199,-42.374929],[-72.131864,-42.384323],[-72.122959,-42.388929],[-72.112715,-42.398301],[-72.102422,-42.394747],[-72.097089,-42.396673],[-72.092713,-42.395231],[-72.089171,-42.396026],[-72.082927,-42.390544],[-72.077222,-42.382472],[-72.071892,-42.388934],[-72.0599,-42.39613],[-72.040412,-42.399228],[-72.028486,-42.407523],[-72.02782,-42.412753],[-72.033816,-42.415085],[-72.036081,-42.422214],[-72.036481,-42.424945],[-72.032834,-42.429967],[-72.036981,-42.434772],[-72.040412,-42.443867],[-72.045109,-42.446532],[-72.048134,-42.452362],[-72.034149,-42.456592],[-72.032817,-42.466519],[-72.022884,-42.477251],[-72.020722,-42.478714],[-71.62722,-42.485283],[-71.59859,-42.605218],[-71.48022,-42.613172],[-71.487505,-42.660968],[-71.442636,-42.687827],[-71.437975,-42.708548],[-71.403801,-42.732208],[-71.3974,-42.738331],[-71.393303,-42.744041],[-71.389137,-42.758469],[-71.374077,-42.758854],[-71.348404,-42.782856],[-71.356194,-42.794006],[-71.322797,-42.823369],[-71.327965,-42.831238],[-71.291641,-42.858246],[-71.167185,-42.86194],[-71.046548,-42.946801],[-70.9363,-42.863559],[-70.884903,-42.864101],[-70.758331,-42.861126],[-70.58451,-42.866515],[-70.588287,-42.857895],[-70.588524,-42.850605],[-70.573891,-42.835533],[-70.557243,-42.812717],[-70.552605,-42.79842],[-70.536736,-42.763298],[-70.516617,-42.737694],[-70.468925,-42.690289],[-70.458679,-42.682163],[-70.45092,-42.672646],[-70.439331,-42.652031],[-70.434868,-42.647797],[-70.39749,-42.629194],[-70.389977,-42.617378],[-70.372351,-42.607234],[-70.368225,-42.601479],[-70.349319,-42.59602],[-70.347852,-42.596895],[-70.347481,-42.601219],[-70.345863,-42.601726],[-70.326653,-42.596336],[-70.319966,-42.598944],[-70.318498,-42.602395],[-70.316414,-42.603386],[-70.308586,-42.603611],[-70.305412,-42.617008],[-70.296713,-42.620729],[-70.293222,-42.625625],[-70.293552,-42.632624],[-70.266319,-42.641312],[-70.254072,-42.640715],[-70.242975,-42.634467],[-70.227768,-42.630672],[-70.219849,-42.62606],[-70.210304,-42.623962],[-70.192734,-42.623928],[-70.175743,-42.627079],[-70.148346,-42.629265],[-70.097839,-42.640221],[-70.07196,-42.654659],[-70.055344,-42.668579],[-70.041779,-42.673031],[-70.016991,-42.672485],[-70.000938,-42.651611],[-69.990288,-42.643925],[-69.988686,-42.640667],[-69.964508,-42.636208],[-69.957146,-42.631557],[-69.925201,-42.636551],[-69.892883,-42.636013],[-69.883293,-42.634205],[-69.873886,-42.628014],[-69.862556,-42.623947],[-69.847496,-42.624424],[-69.834915,-42.630123],[-69.82058,-42.633709],[-69.815941,-42.640202],[-69.808037,-42.644836],[-69.793304,-42.645889],[-69.776001,-42.653572],[-69.748695,-42.674976],[-69.736427,-42.681358],[-69.71669,-42.684048],[-69.696594,-42.684109],[-69.681519,-42.683384],[-69.672508,-42.680153],[-69.662743,-42.679729],[-69.628586,-42.685993],[-69.613571,-42.686653],[-69.595955,-42.693699],[-69.56617,-42.713474],[-69.540627,-42.749538],[-69.538406,-42.760567],[-69.535019,-42.767479],[-69.527229,-42.776985],[-69.505287,-42.796757],[-69.428106,-42.0]]]}},{"type":"Feature","properties":{"territorio_id":"26021","territorio_nombre":"Escalante","tipo_territorio":"Departamento","fuente_cartografica":"Censo 2022 - Departamentos - Chubut"},"geometry":{"type":"MultiPolygon","coordinates":[[[[-66.362274,-45.155094],[-66.360497,-45.151196],[-66.362228,-45.149376],[-66.364326,-45.149998],[-66.362274,-45.155094]]],[[[-67.081383,-45.035164],[-67.094162,-44.678928],[-67.748085,-44.684933],[-68.371193,-44.68718],[-68.363119,-45.999898],[-67.595705,-45.999872],[-67.592936,-45.993109],[-67.592698,-45.988053],[-67.585471,-45.987161],[-67.587196,-45.985941],[-67.587315,-45.983145],[-67.582496,-45.978119],[-67.572562,-45.976572],[-67.571699,-45.971962],[-67.565186,-45.962593],[-67.560248,-45.960838],[-67.535442,-45.960778],[-67.531219,-45.958964],[-67.532528,-45.957388],[-67.547994,-45.954056],[-67.550582,-45.952004],[-67.550552,-45.948167],[-67.555668,-45.945133],[-67.557304,-45.937341],[-67.552069,-45.925681],[-67.544901,-45.916015],[-67.532766,-45.910572],[-67.514295,-45.894867],[-67.499096,-45.874761],[-67.496122,-45.873482],[-67.49404,-45.874612],[-67.477294,-45.864053],[-67.474707,-45.863696],[-67.473309,-45.865154],[-67.466319,-45.864202],[-67.463731,-45.862655],[-67.458437,-45.862358],[-67.456415,-45.861436],[-67.456266,-45.858908],[-67.456534,-45.861257],[-67.458794,-45.862269],[-67.465367,-45.861852],[-67.464653,-45.860543],[-67.472833,-45.861079],[-67.475777,-45.853762],[-67.473279,-45.849628],[-67.468312,-45.846862],[-67.468461,-45.841894],[-67.461709,-45.834369],[-67.462125,-45.828837],[-67.454749,-45.819468],[-67.449246,-45.816583],[-67.441602,-45.817178],[-67.426523,-45.810694],[-67.41638,-45.800373],[-67.406595,-45.797845],[-67.405316,-45.792461],[-67.39788,-45.787524],[-67.392883,-45.786423],[-67.37697,-45.79148],[-67.368553,-45.787256],[-67.365251,-45.778333],[-67.366649,-45.774942],[-67.373074,-45.770064],[-67.373788,-45.766822],[-67.371795,-45.764413],[-67.372449,-45.759535],[-67.368137,-45.754717],[-67.376911,-45.748739],[-67.378725,-45.734462],[-67.375186,-45.729614],[-67.361653,-45.723784],[-67.349041,-45.725509],[-67.34223,-45.723159],[-67.344253,-45.713457],[-67.35596,-45.710388],[-67.362027,-45.695754],[-67.358529,-45.679443],[-67.361492,-45.668093],[-67.360921,-45.655493],[-67.358239,-45.644075],[-67.350315,-45.629334],[-67.341499,-45.619626],[-67.323974,-45.604493],[-67.301096,-45.588288],[-67.281572,-45.566552],[-67.233067,-45.531538],[-67.221539,-45.527077],[-67.208119,-45.50452],[-67.18574,-45.478179],[-67.167858,-45.460975],[-67.157614,-45.445628],[-67.138198,-45.422107],[-67.121887,-45.407223],[-67.105754,-45.396088],[-67.090656,-45.377278],[-67.074167,-45.365178],[-67.069919,-45.353828],[-67.063995,-45.346155],[-67.045542,-45.33252],[-67.036012,-45.32217],[-67.01606,-45.307393],[-66.990148,-45.293794],[-66.965521,-45.273807],[-66.953707,-45.267739],[-66.888961,-45.241684],[-66.853555,-45.232119],[-66.840385,-45.230084],[-66.832925,-45.230834],[-66.825715,-45.234617],[-66.82004,-45.234867],[-66.813223,-45.231119],[-66.795627,-45.227764],[-66.790951,-45.22805],[-66.787347,-45.231512],[-66.780172,-45.23194],[-66.777567,-45.229264],[-66.76843,-45.226051],[-66.750691,-45.223089],[-66.718794,-45.222423],[-66.705321,-45.224326],[-66.679265,-45.215195],[-66.662014,-45.211418],[-66.651991,-45.212815],[-66.649879,-45.214868],[-66.647738,-45.213172],[-66.638696,-45.213143],[-66.63239,-45.214065],[-66.630933,-45.215582],[-66.611213,-45.211983],[-66.604997,-45.214451],[-66.60116,-45.213262],[-66.587151,-45.215046],[-66.584028,-45.211983],[-66.574361,-45.213262],[-66.571238,-45.211566],[-66.562731,-45.21225],[-66.557526,-45.214957],[-66.555563,-45.213172],[-66.552024,-45.214094],[-66.550626,-45.215849],[-66.551726,-45.219656],[-66.553273,-45.220192],[-66.544261,-45.222363],[-66.542893,-45.225099],[-66.538907,-45.223821],[-66.537747,-45.22504],[-66.535397,-45.220608],[-66.533315,-45.220222],[-66.5224,-45.223285],[-66.518652,-45.222898],[-66.51776,-45.220697],[-66.521596,-45.217693],[-66.519366,-45.216742],[-66.519633,-45.213589],[-66.524303,-45.209217],[-66.522489,-45.208295],[-66.524571,-45.208116],[-66.524987,-45.205558],[-66.521715,-45.203595],[-66.519752,-45.204517],[-66.519842,-45.202703],[-66.515648,-45.201543],[-66.516451,-45.20065],[-66.514042,-45.199163],[-66.514101,-45.196784],[-66.518741,-45.197795],[-66.52121,-45.196754],[-66.522548,-45.195326],[-66.520407,-45.192828],[-66.527307,-45.192709],[-66.528021,-45.186612],[-66.533553,-45.183935],[-66.534237,-45.180901],[-66.538104,-45.182477],[-66.540483,-45.181288],[-66.540513,-45.178759],[-66.536557,-45.178075],[-66.536498,-45.175161],[-66.542387,-45.17873],[-66.550685,-45.17867],[-66.553333,-45.177094],[-66.561274,-45.180098],[-66.56517,-45.179592],[-66.565825,-45.177272],[-66.569364,-45.176707],[-66.568531,-45.173138],[-66.566866,-45.172305],[-66.57445,-45.168141],[-66.581797,-45.166832],[-66.580667,-45.169093],[-66.581856,-45.171443],[-66.583641,-45.173197],[-66.586853,-45.172513],[-66.585693,-45.174268],[-66.588221,-45.175131],[-66.590006,-45.172246],[-66.594467,-45.171621],[-66.596371,-45.167279],[-66.599375,-45.165226],[-66.599167,-45.161687],[-66.585753,-45.159486],[-66.586348,-45.158445],[-66.584384,-45.156987],[-66.590601,-45.158088],[-66.601933,-45.14854],[-66.602528,-45.14622],[-66.600862,-45.145298],[-66.602171,-45.143424],[-66.599702,-45.139409],[-66.591969,-45.137833],[-66.584266,-45.139528],[-66.58022,-45.143484],[-66.579834,-45.140034],[-66.567847,-45.143573],[-66.565498,-45.141878],[-66.559936,-45.14274],[-66.55946,-45.141075],[-66.555534,-45.14158],[-66.547384,-45.136673],[-66.545867,-45.139855],[-66.548931,-45.141789],[-66.542119,-45.147856],[-66.540275,-45.152913],[-66.538461,-45.150384],[-66.534475,-45.149968],[-66.517105,-45.151544],[-66.509342,-45.154459],[-66.50732,-45.156779],[-66.510651,-45.158177],[-66.507558,-45.159545],[-66.506338,-45.16475],[-66.494173,-45.164453],[-66.4934,-45.166803],[-66.490604,-45.166713],[-66.494233,-45.161925],[-66.493192,-45.158831],[-66.485607,-45.164423],[-66.478945,-45.16362],[-66.476387,-45.165345],[-66.474424,-45.164274],[-66.473174,-45.165881],[-66.471182,-45.161776],[-66.468326,-45.161657],[-66.466899,-45.159872],[-66.46901,-45.156839],[-66.467434,-45.154281],[-66.468713,-45.152377],[-66.463924,-45.151277],[-66.463984,-45.149611],[-66.460593,-45.149224],[-66.460861,-45.147142],[-66.458987,-45.146964],[-66.465709,-45.143841],[-66.491972,-45.148124],[-66.49688,-45.145239],[-66.502828,-45.144346],[-66.50726,-45.147589],[-66.515945,-45.146488],[-66.522608,-45.149522],[-66.526593,-45.148154],[-66.533018,-45.142383],[-66.535933,-45.129713],[-66.534594,-45.11728],[-66.530698,-45.110201],[-66.524244,-45.105799],[-66.518652,-45.097977],[-66.512436,-45.09524],[-66.506784,-45.096906],[-66.503304,-45.096252],[-66.500717,-45.098453],[-66.497504,-45.097263],[-66.493638,-45.098542],[-66.492954,-45.095865],[-66.489682,-45.093218],[-66.482187,-45.093158],[-66.481711,-45.086823],[-66.465263,-45.076681],[-66.451343,-45.072576],[-66.44474,-45.072517],[-66.441022,-45.074271],[-66.433794,-45.072933],[-66.431117,-45.070643],[-66.426596,-45.071089],[-66.422611,-45.069275],[-66.422522,-45.067252],[-66.416841,-45.063504],[-66.408394,-45.061779],[-66.40884,-45.059102],[-66.407293,-45.057496],[-66.398519,-45.053124],[-66.388882,-45.052321],[-66.386175,-45.053957],[-66.386532,-45.055503],[-66.363273,-45.061601],[-66.374665,-45.05589],[-66.374159,-45.050239],[-66.37059,-45.049376],[-66.371839,-45.047324],[-66.367794,-45.046075],[-66.369608,-45.044052],[-66.366489,-45.041995],[-67.07991,-45.046268],[-67.081383,-45.035164]]],[[[-66.404495,-45.185596],[-66.409302,-45.183792],[-66.407608,-45.186371],[-66.402061,-45.189266],[-66.403908,-45.191456],[-66.408615,-45.191879],[-66.408218,-45.193752],[-66.400917,-45.193794],[-66.392876,-45.190624],[-66.402115,-45.185551],[-66.404495,-45.185596]]],[[[-66.401062,-45.069725],[-66.40139,-45.068726],[-66.40242,-45.068825],[-66.402298,-45.069576],[-66.401062,-45.069725]]],[[[-66.408066,-45.088383],[-66.409363,-45.08593],[-66.409958,-45.091389],[-66.402946,-45.08868],[-66.405952,-45.087994],[-66.408066,-45.088383]]],[[[-66.407181,-45.085289],[-66.404335,-45.084335],[-66.403091,-45.082401],[-66.409378,-45.084785],[-66.407181,-45.085289]]],[[[-66.419548,-45.096458],[-66.414963,-45.094578],[-66.419975,-45.09433],[-66.421379,-45.095631],[-66.419548,-45.096458]]],[[[-66.487465,-45.183098],[-66.485786,-45.179401],[-66.489105,-45.179005],[-66.489876,-45.182171],[-66.487465,-45.183098]]],[[[-66.498062,-45.178585],[-66.502045,-45.175953],[-66.504334,-45.176567],[-66.503403,-45.17886],[-66.498444,-45.182007],[-66.495323,-45.182732],[-66.492722,-45.180817],[-66.492813,-45.178394],[-66.498062,-45.178585]]],[[[-66.497032,-45.170528],[-66.496162,-45.168724],[-66.500847,-45.167274],[-66.500237,-45.168526],[-66.497032,-45.170528]]],[[[-66.502487,-45.186165],[-66.500977,-45.184658],[-66.504303,-45.181244],[-66.507683,-45.180595],[-66.505211,-45.185364],[-66.502487,-45.186165]]],[[[-66.509666,-45.174129],[-66.508698,-45.173203],[-66.510651,-45.172253],[-66.511665,-45.173786],[-66.509666,-45.174129]]],[[[-66.515221,-45.18224],[-66.515633,-45.180214],[-66.518761,-45.178497],[-66.518623,-45.180584],[-66.515221,-45.18224]]],[[[-66.698517,-45.247475],[-66.696129,-45.245407],[-66.696747,-45.244072],[-66.700638,-45.246063],[-66.698517,-45.247475]]]]}},{"type":"Feature","properties":{"territorio_id":"26028","territorio_nombre":"Florentino Ameghino","tipo_territorio":"Departamento","fuente_cartografica":"Censo 2022 - Departamentos - Chubut"},"geometry":{"type":"MultiPolygon","coordinates":[[[[-65.345529,-43.777733],[-65.349277,-43.776138],[-65.353263,-43.769738],[-65.354619,-43.763789],[-65.353212,-43.758739],[-66.096954,-43.775558],[-66.459299,-43.782024],[-66.457718,-43.784939],[-66.456322,-43.798534],[-66.446823,-43.809261],[-66.435684,-43.817741],[-66.431763,-43.825672],[-66.431007,-43.829964],[-66.433952,-43.839096],[-66.43261,-43.859138],[-66.434998,-43.868526],[-66.439339,-43.875214],[-66.465332,-43.893784],[-66.47448,-43.903271],[-66.477867,-43.916782],[-66.478622,-43.950626],[-66.480965,-43.958931],[-66.485252,-43.965725],[-66.492386,-43.97234],[-66.501907,-43.977409],[-66.52494,-43.984226],[-66.539711,-43.991161],[-66.550949,-43.992859],[-66.571762,-43.991024],[-66.577736,-43.992855],[-66.583412,-44.000557],[-66.594749,-44.008808],[-66.60479,-44.018967],[-66.61573,-44.022877],[-66.620483,-44.022697],[-66.623672,-44.020271],[-66.628487,-44.019592],[-66.632042,-44.022022],[-66.634697,-44.028442],[-66.653969,-44.054581],[-66.675919,-44.07436],[-66.681966,-44.082927],[-66.679832,-44.090057],[-66.685508,-44.103167],[-66.675285,-44.121761],[-66.674461,-44.134415],[-66.676331,-44.142769],[-66.690063,-44.175133],[-66.694481,-44.191696],[-66.696869,-44.195019],[-66.715698,-44.204975],[-66.725815,-44.215439],[-66.74189,-44.227806],[-66.762955,-44.235252],[-66.776848,-44.243073],[-66.798882,-44.262852],[-66.807045,-44.276428],[-66.810861,-44.279849],[-66.806511,-44.294117],[-66.806824,-44.327969],[-66.809074,-44.340572],[-66.814308,-44.35268],[-66.823364,-44.363503],[-66.83461,-44.387577],[-66.861427,-44.41536],[-66.878792,-44.426743],[-66.896072,-44.448803],[-66.908943,-44.457497],[-66.91713,-44.468742],[-66.931267,-44.480919],[-66.93895,-44.496883],[-66.939064,-44.51067],[-66.940697,-44.514687],[-66.948761,-44.520775],[-66.960152,-44.522614],[-66.967255,-44.529343],[-66.968124,-44.537678],[-66.961296,-44.544624],[-66.958954,-44.5518],[-66.963036,-44.559696],[-66.969466,-44.565474],[-66.969864,-44.583431],[-66.974312,-44.592419],[-66.994858,-44.611595],[-67.008331,-44.634686],[-67.015818,-44.651926],[-67.023143,-44.654389],[-67.034157,-44.663128],[-67.04395,-44.665483],[-67.048195,-44.668427],[-67.058968,-44.684429],[-67.05912,-44.688648],[-67.065369,-44.699924],[-67.076538,-44.713699],[-67.080498,-44.716652],[-67.092657,-44.721024],[-67.081383,-45.035164],[-67.07991,-45.046268],[-66.366489,-45.041995],[-66.359198,-45.039739],[-66.348818,-45.041316],[-66.345665,-45.044201],[-66.337872,-45.041554],[-66.328265,-45.043368],[-66.3277,-45.045688],[-66.329098,-45.046491],[-66.326748,-45.048395],[-66.326064,-45.052023],[-66.320591,-45.051399],[-66.319937,-45.046997],[-66.315267,-45.045093],[-66.307594,-45.046997],[-66.309557,-45.050417],[-66.307564,-45.050923],[-66.303013,-45.05015],[-66.302329,-45.047056],[-66.293942,-45.045926],[-66.291194,-45.04782],[-66.291343,-45.049367],[-66.288726,-45.049962],[-66.289559,-45.050794],[-66.28596,-45.051092],[-66.285543,-45.052639],[-66.295448,-45.058171],[-66.290748,-45.060193],[-66.291165,-45.058885],[-66.288637,-45.058825],[-66.287477,-45.063376],[-66.283461,-45.065517],[-66.28361,-45.063078],[-66.276234,-45.065339],[-66.278405,-45.063465],[-66.284086,-45.06284],[-66.290272,-45.057278],[-66.290034,-45.056297],[-66.28822,-45.055524],[-66.28703,-45.053828],[-66.284092,-45.053049],[-66.278809,-45.059402],[-66.280059,-45.05644],[-66.277382,-45.055547],[-66.278024,-45.05312],[-66.28195,-45.052728],[-66.283699,-45.04873],[-66.274419,-45.048944],[-66.269458,-45.046803],[-66.26878,-45.042163],[-66.262962,-45.039843],[-66.260321,-45.036345],[-66.26232,-45.033668],[-66.261998,-45.031491],[-66.25204,-45.027958],[-66.254111,-45.027458],[-66.252683,-45.024603],[-66.245723,-45.024603],[-66.247079,-45.022818],[-66.246401,-45.020926],[-66.237335,-45.020783],[-66.232446,-45.022782],[-66.232981,-45.027743],[-66.230697,-45.029028],[-66.230697,-45.027922],[-66.2257,-45.0281],[-66.229198,-45.023817],[-66.226092,-45.020748],[-66.226342,-45.018892],[-66.232945,-45.014109],[-66.23266,-45.011682],[-66.229626,-45.008755],[-66.230197,-45.007006],[-66.227342,-45.004722],[-66.222702,-45.004544],[-66.219989,-45.007685],[-66.217526,-45.00408],[-66.208925,-45.002759],[-66.209139,-44.99455],[-66.203499,-44.989125],[-66.198181,-44.986876],[-66.196647,-44.983128],[-66.192685,-44.981951],[-66.187438,-44.982772],[-66.176802,-44.988161],[-66.17591,-44.989767],[-66.178122,-44.991373],[-66.175374,-44.992337],[-66.17309,-44.998155],[-66.173233,-44.996227],[-66.169092,-44.995014],[-66.171983,-44.993765],[-66.167165,-44.989196],[-66.17127,-44.98759],[-66.167486,-44.987055],[-66.165523,-44.983807],[-66.162275,-44.983021],[-66.158635,-44.984235],[-66.159099,-44.987162],[-66.157314,-44.990874],[-66.150747,-44.994122],[-66.152067,-44.990588],[-66.144608,-44.990981],[-66.148355,-44.989303],[-66.147463,-44.986698],[-66.144465,-44.986948],[-66.143573,-44.989339],[-66.141003,-44.990445],[-66.139896,-44.988197],[-66.132615,-44.98784],[-66.130188,-44.985234],[-66.126726,-44.985877],[-66.124692,-44.988268],[-66.118945,-44.985234],[-66.107203,-44.987876],[-66.105709,-44.992362],[-66.102384,-44.988625],[-66.094925,-44.988589],[-66.091106,-44.990659],[-66.090421,-44.995039],[-66.085966,-44.996977],[-66.081504,-44.995656],[-66.083824,-44.992373],[-66.083075,-44.989981],[-66.079399,-44.989874],[-66.077721,-44.991837],[-66.075116,-44.991123],[-66.075223,-44.989696],[-66.072546,-44.989767],[-66.07019,-44.990909],[-66.069762,-44.997155],[-66.06762,-44.99712],[-66.066478,-44.994264],[-66.064301,-44.993515],[-66.05884,-44.995585],[-66.058269,-44.998405],[-66.062231,-45.000403],[-66.062338,-45.003437],[-66.060482,-45.00408],[-66.042386,-45.000439],[-66.039745,-45.003402],[-66.030715,-45.001581],[-66.02968,-45.003116],[-66.020864,-45.003009],[-66.021899,-44.998869],[-66.019686,-44.998869],[-66.016402,-45.002438],[-66.016831,-45.004936],[-66.008764,-45.006507],[-66.005231,-45.005472],[-65.990597,-45.014109],[-65.973916,-45.027986],[-65.969633,-45.035695],[-65.965457,-45.036766],[-65.958069,-45.043797],[-65.94597,-45.042691],[-65.934441,-45.049437],[-65.924269,-45.043797],[-65.921949,-45.039122],[-65.919129,-45.038765],[-65.918023,-45.034767],[-65.913882,-45.032019],[-65.911206,-45.031841],[-65.91042,-45.033982],[-65.906352,-45.034518],[-65.901712,-45.032911],[-65.898749,-45.035338],[-65.894502,-45.03516],[-65.893324,-45.038765],[-65.887292,-45.039193],[-65.885971,-45.029164],[-65.894216,-45.023667],[-65.894252,-45.02199],[-65.890504,-45.019812],[-65.895287,-45.014102],[-65.895109,-45.011211],[-65.887399,-45.006035],[-65.87298,-45.002252],[-65.869053,-45.004572],[-65.854348,-45.001895],[-65.845033,-45.002359],[-65.838822,-45.006642],[-65.831434,-45.008498],[-65.824688,-45.013781],[-65.823154,-45.018349],[-65.826723,-45.019491],[-65.824296,-45.027022],[-65.8284,-45.031734],[-65.83354,-45.034339],[-65.827223,-45.035446],[-65.828722,-45.039122],[-65.818871,-45.040371],[-65.81059,-45.034339],[-65.808413,-45.034375],[-65.808342,-45.03284],[-65.802881,-45.031162],[-65.802952,-45.027915],[-65.804915,-45.02638],[-65.80802,-45.02663],[-65.810233,-45.0287],[-65.815623,-45.024667],[-65.815016,-45.018884],[-65.809412,-45.015422],[-65.804094,-45.016457],[-65.797444,-45.025152],[-65.793398,-45.023344],[-65.788473,-45.030125],[-65.787331,-45.026937],[-65.784285,-45.026675],[-65.783619,-45.024652],[-65.780764,-45.026722],[-65.778003,-45.026461],[-65.777075,-45.020536],[-65.775457,-45.019489],[-65.772198,-45.024034],[-65.768842,-45.02056],[-65.756612,-45.024272],[-65.740455,-45.023962],[-65.733032,-45.027722],[-65.732984,-45.030886],[-65.737005,-45.031577],[-65.738028,-45.034027],[-65.734531,-45.034027],[-65.737481,-45.036645],[-65.736863,-45.04019],[-65.722705,-45.041737],[-65.721967,-45.043878],[-65.719231,-45.04464],[-65.701361,-45.045092],[-65.698601,-45.048851],[-65.702265,-45.052064],[-65.69615,-45.059273],[-65.693223,-45.059702],[-65.691153,-45.061986],[-65.687774,-45.061058],[-65.687822,-45.058488],[-65.684919,-45.057513],[-65.690677,-45.053111],[-65.69201,-45.049494],[-65.697459,-45.048518],[-65.697816,-45.045925],[-65.689226,-45.039833],[-65.68549,-45.040095],[-65.684395,-45.034384],[-65.680517,-45.032623],[-65.681302,-45.028864],[-65.678827,-45.028674],[-65.678827,-45.033337],[-65.682801,-45.034789],[-65.680588,-45.037073],[-65.683872,-45.038168],[-65.682159,-45.040214],[-65.672736,-45.044449],[-65.669667,-45.043997],[-65.668239,-45.04207],[-65.660434,-45.044449],[-65.657293,-45.039524],[-65.653677,-45.039286],[-65.650131,-45.043498],[-65.653558,-45.044664],[-65.653034,-45.046424],[-65.645586,-45.050922],[-65.646181,-45.045853],[-65.64354,-45.044545],[-65.641874,-45.040642],[-65.63664,-45.040071],[-65.637234,-45.038548],[-65.635902,-45.037882],[-65.637591,-45.037049],[-65.636354,-45.03555],[-65.634022,-45.035265],[-65.628311,-45.038453],[-65.624528,-45.036431],[-65.621673,-45.037335],[-65.621887,-45.035336],[-65.618461,-45.03555],[-65.618104,-45.032171],[-65.613606,-45.03436],[-65.611322,-45.033813],[-65.612107,-45.029173],[-65.607467,-45.030149],[-65.608253,-45.026461],[-65.601781,-45.026556],[-65.605136,-45.023677],[-65.603898,-45.022796],[-65.60604,-45.020036],[-65.608681,-45.019489],[-65.610228,-45.016848],[-65.61501,-45.017561],[-65.619626,-45.015848],[-65.620031,-45.01454],[-65.617223,-45.013207],[-65.625451,-45.010154],[-65.623072,-45.004134],[-65.612448,-44.999863],[-65.609378,-45.002909],[-65.605761,-45.003432],[-65.605619,-45.006561],[-65.603537,-45.003468],[-65.588796,-45.007537],[-65.584311,-45.006668],[-65.586892,-45.004574],[-65.586607,-45.00248],[-65.583525,-45.002707],[-65.58487,-44.99878],[-65.592996,-44.994557],[-65.589367,-44.990393],[-65.599563,-44.989025],[-65.605155,-44.98442],[-65.605785,-44.981862],[-65.604929,-44.979554],[-65.606677,-44.976021],[-65.604322,-44.972202],[-65.601502,-44.970596],[-65.593697,-44.972238],[-65.600729,-44.967288],[-65.598742,-44.964956],[-65.592972,-44.96548],[-65.591235,-44.964183],[-65.59453,-44.957366],[-65.590866,-44.95689],[-65.581015,-44.960257],[-65.577779,-44.958472],[-65.575459,-44.961566],[-65.570902,-44.96078],[-65.566595,-44.957877],[-65.569784,-44.953154],[-65.56261,-44.95413],[-65.561718,-44.953356],[-65.564371,-44.950537],[-65.559505,-44.948693],[-65.557839,-44.951013],[-65.551867,-44.950061],[-65.552212,-44.949692],[-65.554377,-44.949526],[-65.557173,-44.950406],[-65.558517,-44.94905],[-65.556435,-44.946242],[-65.554865,-44.946837],[-65.555507,-44.94485],[-65.552568,-44.946135],[-65.549051,-44.943849],[-65.552497,-44.942542],[-65.553215,-44.939299],[-65.547845,-44.940222],[-65.548238,-44.939008],[-65.546477,-44.938616],[-65.541623,-44.941376],[-65.544609,-44.93808],[-65.542242,-44.939222],[-65.538006,-44.938806],[-65.539101,-44.937152],[-65.536388,-44.937569],[-65.537316,-44.934321],[-65.533723,-44.93413],[-65.541199,-44.929721],[-65.540386,-44.928087],[-65.535413,-44.929538],[-65.534556,-44.928146],[-65.53264,-44.930073],[-65.53287,-44.928413],[-65.530999,-44.930073],[-65.527656,-44.92949],[-65.528227,-44.928146],[-65.523372,-44.930002],[-65.521624,-44.93005],[-65.522932,-44.928396],[-65.519898,-44.928896],[-65.523789,-44.927004],[-65.525669,-44.92416],[-65.535769,-44.920758],[-65.53527,-44.918045],[-65.542825,-44.913382],[-65.543764,-44.910407],[-65.547619,-44.912918],[-65.551986,-44.909622],[-65.556269,-44.91312],[-65.557125,-44.906945],[-65.562527,-44.907005],[-65.561836,-44.905006],[-65.558981,-44.904887],[-65.560861,-44.903578],[-65.56631,-44.903947],[-65.568428,-44.902436],[-65.569986,-44.905696],[-65.572627,-44.905232],[-65.568166,-44.912573],[-65.570938,-44.911395],[-65.571961,-44.909182],[-65.574305,-44.910681],[-65.572615,-44.908182],[-65.57553,-44.903507],[-65.572199,-44.903459],[-65.572017,-44.900163],[-65.569879,-44.900045],[-65.572889,-44.895607],[-65.575947,-44.897249],[-65.579861,-44.897475],[-65.579433,-44.895524],[-65.592508,-44.897237],[-65.591673,-44.90328],[-65.5971,-44.903507],[-65.598171,-44.907326],[-65.605476,-44.908789],[-65.607665,-44.904482],[-65.602406,-44.90246],[-65.601919,-44.89964],[-65.607308,-44.897951],[-65.608807,-44.893275],[-65.6124,-44.890015],[-65.614768,-44.891407],[-65.615755,-44.887707],[-65.616243,-44.888635],[-65.621216,-44.885732],[-65.623929,-44.89111],[-65.626665,-44.889694],[-65.626272,-44.88597],[-65.627748,-44.88415],[-65.631424,-44.88503],[-65.631995,-44.88735],[-65.634327,-44.886589],[-65.634493,-44.884055],[-65.648185,-44.888646],[-65.650832,-44.887962],[-65.650594,-44.889925],[-65.653003,-44.891323],[-65.658744,-44.891352],[-65.66035,-44.889508],[-65.660766,-44.890668],[-65.664841,-44.890668],[-65.671385,-44.886802],[-65.672366,-44.884363],[-65.669898,-44.882697],[-65.673883,-44.881805],[-65.674686,-44.879366],[-65.686851,-44.880645],[-65.688338,-44.87431],[-65.689885,-44.873417],[-65.694882,-44.873953],[-65.694941,-44.876332],[-65.696875,-44.876957],[-65.704667,-44.875261],[-65.708326,-44.871603],[-65.713353,-44.869551],[-65.715554,-44.864524],[-65.724536,-44.856523],[-65.728849,-44.848403],[-65.72867,-44.843496],[-65.724744,-44.83832],[-65.72058,-44.83945],[-65.719301,-44.837725],[-65.721116,-44.83493],[-65.724655,-44.833502],[-65.728492,-44.82562],[-65.728432,-44.810064],[-65.726529,-44.807774],[-65.723406,-44.807625],[-65.714721,-44.802301],[-65.702615,-44.80132],[-65.702496,-44.793378],[-65.697737,-44.788024],[-65.698481,-44.78044],[-65.694704,-44.771041],[-65.69509,-44.753284],[-65.697113,-44.745551],[-65.696577,-44.736807],[-65.688636,-44.716551],[-65.67891,-44.703286],[-65.670909,-44.697902],[-65.670433,-44.694095],[-65.666269,-44.688533],[-65.655204,-44.678212],[-65.63837,-44.665869],[-65.622933,-44.659296],[-65.612672,-44.650521],[-65.608299,-44.650254],[-65.606753,-44.646922],[-65.595569,-44.642372],[-65.588699,-44.641509],[-65.581858,-44.64371],[-65.582244,-44.647636],[-65.576147,-44.64832],[-65.572786,-44.64603],[-65.568652,-44.638446],[-65.553007,-44.627649],[-65.548843,-44.62292],[-65.520973,-44.609327],[-65.51086,-44.608137],[-65.497952,-44.602992],[-65.491587,-44.602754],[-65.482634,-44.60549],[-65.483021,-44.602575],[-65.476596,-44.598946],[-65.470439,-44.598024],[-65.46339,-44.600225],[-65.465353,-44.598738],[-65.464342,-44.590916],[-65.468387,-44.591659],[-65.468922,-44.587198],[-65.470975,-44.584759],[-65.469488,-44.580952],[-65.464431,-44.576847],[-65.45533,-44.574527],[-65.450658,-44.576501],[-65.449619,-44.5742],[-65.445187,-44.57185],[-65.4412,-44.572753],[-65.436175,-44.569917],[-65.428293,-44.569441],[-65.42517,-44.570333],[-65.425854,-44.573219],[-65.423235,-44.574419],[-65.418983,-44.572207],[-65.412797,-44.573962],[-65.412349,-44.578167],[-65.407562,-44.579078],[-65.408958,-44.580189],[-65.408185,-44.584829],[-65.39852,-44.586722],[-65.395978,-44.592836],[-65.392096,-44.590499],[-65.391124,-44.587803],[-65.392838,-44.587518],[-65.392542,-44.58577],[-65.38927,-44.579941],[-65.381299,-44.575092],[-65.374607,-44.576371],[-65.371989,-44.583658],[-65.373833,-44.585651],[-65.372911,-44.587168],[-65.366338,-44.587347],[-65.370086,-44.584462],[-65.369758,-44.582082],[-65.362214,-44.579951],[-65.361107,-44.577346],[-65.358716,-44.577096],[-65.358216,-44.573777],[-65.370442,-44.570363],[-65.370627,-44.568549],[-65.372917,-44.568103],[-65.374077,-44.565991],[-65.379074,-44.567984],[-65.382167,-44.567478],[-65.385974,-44.563879],[-65.391804,-44.562124],[-65.394273,-44.557931],[-65.393143,-44.548323],[-65.390257,-44.54755],[-65.388175,-44.542999],[-65.381305,-44.540441],[-65.37723,-44.543416],[-65.374315,-44.53949],[-65.367623,-44.542286],[-65.365035,-44.541601],[-65.365303,-44.538776],[-65.362329,-44.540263],[-65.359414,-44.537378],[-65.361734,-44.536664],[-65.360157,-44.534879],[-65.361377,-44.533035],[-65.372322,-44.533363],[-65.374107,-44.531429],[-65.373334,-44.527384],[-65.377676,-44.523458],[-65.372055,-44.520989],[-65.375981,-44.520692],[-65.376219,-44.516825],[-65.368545,-44.514089],[-65.36789,-44.511501],[-65.359533,-44.51168],[-65.357808,-44.512899],[-65.357986,-44.516141],[-65.353138,-44.513137],[-65.354982,-44.512751],[-65.355726,-44.510133],[-65.352602,-44.508111],[-65.349539,-44.508111],[-65.349122,-44.510282],[-65.347516,-44.510698],[-65.346446,-44.507486],[-65.344066,-44.506445],[-65.33089,-44.506623],[-65.3239,-44.508854],[-65.322175,-44.513643],[-65.318011,-44.5151],[-65.317862,-44.516587],[-65.321967,-44.520067],[-65.320896,-44.524559],[-65.323365,-44.527444],[-65.322443,-44.529466],[-65.321907,-44.528455],[-65.316286,-44.531191],[-65.315751,-44.528158],[-65.317178,-44.526313],[-65.313371,-44.524737],[-65.311051,-44.520454],[-65.313133,-44.51626],[-65.308701,-44.515517],[-65.309623,-44.514416],[-65.307452,-44.512929],[-65.303437,-44.516409],[-65.303942,-44.513226],[-65.30079,-44.510193],[-65.29609,-44.51046],[-65.295525,-44.513197],[-65.297012,-44.513583],[-65.293354,-44.517301],[-65.294692,-44.514535],[-65.291867,-44.513881],[-65.289487,-44.515457],[-65.287078,-44.513137],[-65.286334,-44.516201],[-65.282795,-44.515755],[-65.28107,-44.518104],[-65.279285,-44.51742],[-65.280862,-44.515219],[-65.278334,-44.511769],[-65.28797,-44.509865],[-65.288773,-44.507516],[-65.286959,-44.507218],[-65.28684,-44.505731],[-65.290707,-44.503352],[-65.288952,-44.502668],[-65.288565,-44.500139],[-65.285323,-44.499307],[-65.286156,-44.498325],[-65.284223,-44.496927],[-65.284282,-44.493804],[-65.289978,-44.493164],[-65.291423,-44.490749],[-65.294891,-44.491204],[-65.297752,-44.489464],[-65.298109,-44.492295],[-65.308317,-44.491534],[-65.30884,-44.493604],[-65.311981,-44.494794],[-65.320837,-44.49074],[-65.323395,-44.485119],[-65.321166,-44.483158],[-65.318739,-44.484301],[-65.314591,-44.474411],[-65.310873,-44.472567],[-65.313639,-44.471407],[-65.3112,-44.47105],[-65.312211,-44.469177],[-65.31114,-44.467362],[-65.313341,-44.468582],[-65.316107,-44.465607],[-65.32277,-44.464358],[-65.324644,-44.46644],[-65.327469,-44.465875],[-65.332704,-44.462306],[-65.334459,-44.456],[-65.331574,-44.453056],[-65.327471,-44.45244],[-65.328897,-44.450647],[-65.32744,-44.448713],[-65.32161,-44.447077],[-65.31831,-44.450465],[-65.315764,-44.446134],[-65.316613,-44.443211],[-65.30885,-44.442497],[-65.30769,-44.4375],[-65.311705,-44.43756],[-65.310982,-44.433856],[-65.313222,-44.431254],[-65.313609,-44.428696],[-65.311705,-44.426911],[-65.308103,-44.428026],[-65.304746,-44.423759],[-65.301117,-44.423967],[-65.299061,-44.42717],[-65.299346,-44.430049],[-65.296158,-44.428193],[-65.292493,-44.430025],[-65.283832,-44.430358],[-65.282381,-44.428574],[-65.283689,-44.427883],[-65.292122,-44.426648],[-65.292313,-44.422004],[-65.282381,-44.422363],[-65.280596,-44.421602],[-65.282706,-44.420189],[-65.277193,-44.420031],[-65.281167,-44.416795],[-65.286067,-44.415639],[-65.283449,-44.413259],[-65.285234,-44.412307],[-65.285323,-44.409898],[-65.276638,-44.408441],[-65.274051,-44.405586],[-65.26947,-44.406389],[-65.272385,-44.404604],[-65.268578,-44.402938],[-65.270005,-44.401808],[-65.2695,-44.399161],[-65.26489,-44.398834],[-65.267923,-44.394848],[-65.262034,-44.388334],[-65.256918,-44.386044],[-65.25204,-44.388245],[-65.244188,-44.38539],[-65.241214,-44.387115],[-65.239489,-44.385925],[-65.236187,-44.386877],[-65.23586,-44.385449],[-65.233659,-44.38539],[-65.232559,-44.378103],[-65.23357,-44.375426],[-65.231518,-44.370935],[-65.223071,-44.368496],[-65.218877,-44.369447],[-65.216735,-44.366741],[-65.218609,-44.364361],[-65.222059,-44.363766],[-65.223874,-44.360287],[-65.221673,-44.355974],[-65.226283,-44.348657],[-65.223636,-44.343779],[-65.225628,-44.340031],[-65.223874,-44.337949],[-65.227413,-44.334112],[-65.24511,-44.338009],[-65.251981,-44.334856],[-65.258822,-44.327301],[-65.261261,-44.320133],[-65.261291,-44.31472],[-65.253006,-44.308292],[-65.263432,-44.306838],[-65.270779,-44.298807],[-65.274883,-44.281586],[-65.273991,-44.278076],[-65.270674,-44.275098],[-65.270198,-44.271708],[-65.271863,-44.270042],[-65.279612,-44.269451],[-65.288179,-44.263377],[-65.293366,-44.25838],[-65.302574,-44.244532],[-65.311093,-44.22088],[-65.311773,-44.204271],[-65.309603,-44.190927],[-65.305111,-44.178002],[-65.298106,-44.1654],[-65.287693,-44.154759],[-65.284819,-44.153408],[-65.283277,-44.15495],[-65.277661,-44.150286],[-65.276386,-44.146898],[-65.26822,-44.144252],[-65.2536,-44.14408],[-65.250783,-44.147012],[-65.233042,-44.145756],[-65.229558,-44.140578],[-65.222306,-44.13915],[-65.220402,-44.13679],[-65.221468,-44.134753],[-65.218594,-44.132887],[-65.220364,-44.129594],[-65.216385,-44.128642],[-65.218156,-44.126739],[-65.215948,-44.125768],[-65.219717,-44.121885],[-65.224304,-44.121428],[-65.226798,-44.122932],[-65.227084,-44.120666],[-65.23238,-44.118939],[-65.233594,-44.116797],[-65.231559,-44.113835],[-65.236806,-44.107875],[-65.235128,-44.102521],[-65.236663,-44.100165],[-65.234093,-44.096667],[-65.238305,-44.094383],[-65.241624,-44.088315],[-65.241125,-44.077822],[-65.235949,-44.068471],[-65.217604,-44.057763],[-65.219424,-44.055229],[-65.21896,-44.051624],[-65.215427,-44.048162],[-65.207217,-44.045449],[-65.209359,-44.041488],[-65.19651,-44.041024],[-65.195082,-44.038953],[-65.189693,-44.037811],[-65.187944,-44.035456],[-65.198794,-44.037954],[-65.210465,-44.038204],[-65.213606,-44.042701],[-65.224778,-44.045342],[-65.234593,-44.040595],[-65.251582,-44.027639],[-65.250797,-44.023142],[-65.252403,-44.022392],[-65.254009,-44.016539],[-65.253153,-44.013148],[-65.246526,-44.008427],[-65.247347,-44.005786],[-65.250666,-44.005608],[-65.251773,-44.002146],[-65.254771,-44.000611],[-65.257626,-43.99565],[-65.257305,-43.991831],[-65.253379,-43.98819],[-65.254093,-43.984799],[-65.251987,-43.981908],[-65.246776,-43.978517],[-65.239459,-43.980088],[-65.236925,-43.976947],[-65.232999,-43.979624],[-65.232892,-43.977732],[-65.230607,-43.977161],[-65.232678,-43.974627],[-65.231143,-43.9727],[-65.234391,-43.970523],[-65.239709,-43.9717],[-65.243778,-43.969023],[-65.248953,-43.968881],[-65.251344,-43.971094],[-65.254628,-43.971486],[-65.263765,-43.967096],[-65.269476,-43.969809],[-65.283075,-43.962064],[-65.288892,-43.946787],[-65.293461,-43.940434],[-65.29289,-43.938792],[-65.295353,-43.938364],[-65.299421,-43.933439],[-65.300706,-43.921553],[-65.302991,-43.916699],[-65.301349,-43.914236],[-65.30606,-43.906741],[-65.306489,-43.899853],[-65.308523,-43.897997],[-65.315786,-43.876778],[-65.317297,-43.867843],[-65.316357,-43.862061],[-65.322818,-43.85723],[-65.328552,-43.845857],[-65.325744,-43.839718],[-65.325839,-43.831354],[-65.321211,-43.82042],[-65.323817,-43.814388],[-65.321711,-43.81001],[-65.322901,-43.807559],[-65.316821,-43.804418],[-65.311194,-43.795579],[-65.314323,-43.789939],[-65.318903,-43.787131],[-65.322377,-43.782337],[-65.345529,-43.777733]]],[[[-65.236794,-44.282047],[-65.230507,-44.27544],[-65.232086,-44.275059],[-65.238617,-44.281185],[-65.236794,-44.282047]]],[[[-65.259079,-44.154839],[-65.254921,-44.152626],[-65.254478,-44.150105],[-65.258942,-44.150196],[-65.262878,-44.153248],[-65.259079,-44.154839]]],[[[-65.260773,-44.261776],[-65.259758,-44.26001],[-65.262718,-44.258965],[-65.269981,-44.261765],[-65.263367,-44.262913],[-65.260773,-44.261776]]],[[[-65.308792,-44.537724],[-65.307846,-44.535839],[-65.310539,-44.534786],[-65.310188,-44.537052],[-65.308792,-44.537724]]],[[[-65.385719,-44.600468],[-65.381943,-44.598454],[-65.384552,-44.594791],[-65.387276,-44.597416],[-65.387215,-44.600121],[-65.385719,-44.600468]]],[[[-65.389999,-44.597408],[-65.393639,-44.593914],[-65.396423,-44.594471],[-65.39315,-44.597416],[-65.389999,-44.597408]]],[[[-65.535492,-44.907795],[-65.53994,-44.905521],[-65.543343,-44.907482],[-65.54187,-44.908566],[-65.535492,-44.907795]]],[[[-65.560715,-45.000053],[-65.560722,-44.998569],[-65.563591,-44.996521],[-65.56366,-44.999378],[-65.560715,-45.000053]]],[[[-65.564468,-44.96447],[-65.56118,-44.963367],[-65.560928,-44.961937],[-65.566643,-44.963619],[-65.564468,-44.96447]]],[[[-65.570381,-44.990593],[-65.570198,-44.988262],[-65.573936,-44.988037],[-65.573715,-44.990116],[-65.570381,-44.990593]]],[[[-65.573273,-45.065887],[-65.575607,-45.063751],[-65.578224,-45.063854],[-65.577271,-45.065182],[-65.573273,-45.065887]]],[[[-65.581001,-45.059551],[-65.584717,-45.056576],[-65.588814,-45.056061],[-65.591019,-45.056583],[-65.592873,-45.060173],[-65.577705,-45.063053],[-65.577301,-45.059452],[-65.581001,-45.059551]]],[[[-65.597588,-45.04343],[-65.603004,-45.041054],[-65.607033,-45.043789],[-65.609238,-45.041985],[-65.611298,-45.043217],[-65.616394,-45.042263],[-65.618713,-45.043407],[-65.618393,-45.045948],[-65.622574,-45.044594],[-65.624016,-45.046059],[-65.622589,-45.049587],[-65.614548,-45.05587],[-65.616631,-45.060024],[-65.609291,-45.060204],[-65.602455,-45.056736],[-65.595955,-45.056389],[-65.594742,-45.054134],[-65.589516,-45.054382],[-65.586624,-45.052265],[-65.588043,-45.051075],[-65.585938,-45.050686],[-65.585091,-45.046371],[-65.590347,-45.042503],[-65.592987,-45.042427],[-65.592537,-45.043648],[-65.595337,-45.045063],[-65.597588,-45.04343]]],[[[-65.615791,-45.061539],[-65.619919,-45.059441],[-65.624809,-45.060184],[-65.620613,-45.062267],[-65.615791,-45.061539]]],[[[-65.62336,-45.053795],[-65.626259,-45.052593],[-65.625572,-45.055653],[-65.620789,-45.054989],[-65.62336,-45.053795]]],[[[-65.640343,-44.768623],[-65.643372,-44.767372],[-65.640747,-44.770538],[-65.638275,-44.770638],[-65.640343,-44.768623]]],[[[-65.649643,-44.767628],[-65.648651,-44.767319],[-65.654182,-44.765942],[-65.651077,-44.76757],[-65.649643,-44.767628]]],[[[-65.655556,-44.773132],[-65.669724,-44.769192],[-65.664543,-44.773487],[-65.652977,-44.775036],[-65.655556,-44.773132]]],[[[-65.710403,-45.052826],[-65.717659,-45.048359],[-65.720703,-45.04937],[-65.719521,-45.05022],[-65.720398,-45.052437],[-65.723007,-45.053902],[-65.712936,-45.058113],[-65.70491,-45.056965],[-65.704803,-45.055683],[-65.710403,-45.052826]]],[[[-65.715225,-45.058197],[-65.715088,-45.057419],[-65.717133,-45.057308],[-65.71653,-45.058125],[-65.715225,-45.058197]]],[[[-65.748016,-45.03651],[-65.74781,-45.035107],[-65.749786,-45.035576],[-65.748894,-45.036629],[-65.748016,-45.03651]]],[[[-65.754715,-45.036041],[-65.759567,-45.034714],[-65.760468,-45.036182],[-65.763016,-45.035423],[-65.76696,-45.037552],[-65.760712,-45.03923],[-65.751358,-45.036884],[-65.754715,-45.036041]]],[[[-65.803268,-45.047516],[-65.804359,-45.047234],[-65.806229,-45.047905],[-65.803368,-45.047981],[-65.803268,-45.047516]]],[[[-65.80761,-45.065052],[-65.805176,-45.062706],[-65.806381,-45.061028],[-65.812141,-45.06348],[-65.810371,-45.067398],[-65.80809,-45.067551],[-65.809799,-45.066154],[-65.80761,-45.065052]]],[[[-65.841782,-45.048824],[-65.843132,-45.048904],[-65.843468,-45.049267],[-65.840782,-45.049271],[-65.841782,-45.048824]]],[[[-65.843475,-45.041351],[-65.843674,-45.042278],[-65.841202,-45.04224],[-65.841888,-45.041527],[-65.843475,-45.041351]]],[[[-65.843658,-45.04821],[-65.843346,-45.047264],[-65.848709,-45.045876],[-65.846237,-45.047939],[-65.843658,-45.04821]]],[[[-65.858459,-45.050491],[-65.86187,-45.047504],[-65.861588,-45.049744],[-65.863945,-45.051128],[-65.859932,-45.051605],[-65.858459,-45.050491]]],[[[-65.858482,-45.034554],[-65.860641,-45.032478],[-65.862328,-45.032696],[-65.859787,-45.035011],[-65.858482,-45.034554]]],[[[-65.861404,-45.038994],[-65.865128,-45.038052],[-65.869507,-45.031242],[-65.872833,-45.030304],[-65.874527,-45.032875],[-65.870003,-45.034527],[-65.866707,-45.039501],[-65.861404,-45.038994]]],[[[-65.875023,-45.040443],[-65.879051,-45.038895],[-65.88089,-45.039799],[-65.876457,-45.041672],[-65.874672,-45.041653],[-65.875023,-45.040443]]],[[[-65.912086,-45.046101],[-65.912155,-45.045357],[-65.913254,-45.045475],[-65.912918,-45.046055],[-65.912086,-45.046101]]],[[[-65.915291,-45.041225],[-65.915001,-45.03997],[-65.916512,-45.039837],[-65.916725,-45.04071],[-65.915291,-45.041225]]],[[[-65.916626,-45.048267],[-65.915817,-45.047119],[-65.918625,-45.045429],[-65.918953,-45.047886],[-65.916626,-45.048267]]],[[[-65.93837,-45.118202],[-65.938919,-45.118046],[-65.940247,-45.118847],[-65.937363,-45.119267],[-65.93837,-45.118202]]],[[[-65.950836,-45.108772],[-65.955925,-45.106346],[-65.959534,-45.102371],[-65.963684,-45.103725],[-65.960312,-45.107838],[-65.953285,-45.1091],[-65.957146,-45.117821],[-65.945442,-45.118816],[-65.944824,-45.108131],[-65.950836,-45.108772]]],[[[-65.961807,-45.045979],[-65.962509,-45.044281],[-65.964149,-45.043636],[-65.963448,-45.04599],[-65.961807,-45.045979]]],[[[-65.965981,-45.052994],[-65.962875,-45.049915],[-65.965767,-45.048923],[-65.969406,-45.050537],[-65.965981,-45.052994]]],[[[-65.964142,-45.098602],[-65.964073,-45.096828],[-65.966476,-45.096424],[-65.966248,-45.098747],[-65.964142,-45.098602]]],[[[-65.992973,-45.09108],[-66.003983,-45.086788],[-66.005455,-45.082241],[-66.010681,-45.079376],[-66.019752,-45.086407],[-66.01915,-45.08931],[-66.015663,-45.092384],[-66.015259,-45.098248],[-66.007835,-45.104248],[-66.001938,-45.105953],[-65.994263,-45.105541],[-65.993187,-45.109043],[-65.987213,-45.109409],[-65.983971,-45.107155],[-65.980331,-45.108391],[-65.976768,-45.107574],[-65.967567,-45.110958],[-65.964127,-45.108887],[-65.965012,-45.106953],[-65.98101,-45.105339],[-65.985931,-45.103279],[-65.988106,-45.099628],[-65.985268,-45.095417],[-65.982018,-45.093761],[-65.986023,-45.092007],[-65.988777,-45.088383],[-65.992973,-45.09108]]],[[[-65.974739,-45.051922],[-65.973106,-45.051075],[-65.976776,-45.051014],[-65.976112,-45.051579],[-65.974739,-45.051922]]],[[[-66.027885,-45.10062],[-66.026939,-45.099697],[-66.029778,-45.09938],[-66.029266,-45.100349],[-66.027885,-45.10062]]],[[[-66.035706,-45.09351],[-66.036675,-45.091766],[-66.038956,-45.090881],[-66.03746,-45.092766],[-66.035706,-45.09351]]],[[[-66.044998,-45.091602],[-66.043877,-45.09103],[-66.042297,-45.090576],[-66.045563,-45.09024],[-66.044998,-45.091602]]],[[[-66.051033,-45.128883],[-66.053345,-45.127316],[-66.056023,-45.12907],[-66.060089,-45.128941],[-66.062828,-45.131645],[-66.060707,-45.132244],[-66.051033,-45.128883]]],[[[-66.070564,-45.005833],[-66.069077,-45.004848],[-66.072784,-45.004951],[-66.07196,-45.005615],[-66.070564,-45.005833]]],[[[-66.096313,-45.119526],[-66.093781,-45.118149],[-66.093712,-45.118023],[-66.097458,-45.117897],[-66.096313,-45.119526]]],[[[-66.248466,-45.032436],[-66.248756,-45.030445],[-66.250641,-45.030865],[-66.249664,-45.032162],[-66.248466,-45.032436]]],[[[-66.294929,-45.077827],[-66.296127,-45.076237],[-66.300446,-45.075836],[-66.298386,-45.077694],[-66.294929,-45.077827]]],[[[-66.319763,-45.066326],[-66.323814,-45.066563],[-66.315849,-45.068737],[-66.318878,-45.06752],[-66.319763,-45.066326]]],[[[-66.334312,-45.057171],[-66.337318,-45.053612],[-66.342865,-45.052101],[-66.344315,-45.05339],[-66.339424,-45.057358],[-66.333572,-45.058716],[-66.334312,-45.057171]]],[[[-66.338966,-45.06609],[-66.338478,-45.06358],[-66.341553,-45.064735],[-66.340759,-45.065891],[-66.338966,-45.06609]]]]}},{"type":"Feature","properties":{"territorio_id":"26035","territorio_nombre":"Futaleufú","tipo_territorio":"Departamento","fuente_cartografica":"Censo 2022 - Departamentos - Chubut"},"geometry":{"type":"Polygon","coordinates":[[[-70.58451,-42.866515],[-70.758331,-42.861126],[-70.884903,-42.864101],[-70.9363,-42.863559],[-71.046548,-42.946801],[-71.167185,-42.86194],[-71.291641,-42.858246],[-71.327965,-42.831238],[-71.322797,-42.823369],[-71.356194,-42.794006],[-71.348404,-42.782856],[-71.374077,-42.758854],[-71.389137,-42.758469],[-71.393303,-42.744041],[-71.3974,-42.738331],[-71.403801,-42.732208],[-71.437975,-42.708548],[-71.442636,-42.687827],[-71.487505,-42.660968],[-71.48022,-42.613172],[-71.59859,-42.605218],[-71.62722,-42.485283],[-72.020722,-42.478714],[-72.014295,-42.485341],[-72.012605,-42.494855],[-72.015588,-42.498709],[-72.022307,-42.500024],[-72.028307,-42.505236],[-72.027024,-42.509703],[-72.028951,-42.517498],[-72.026039,-42.521795],[-72.033999,-42.525009],[-72.043014,-42.538681],[-72.053745,-42.545468],[-72.054092,-42.550869],[-72.052594,-42.554195],[-72.055535,-42.558083],[-72.051352,-42.565117],[-72.056785,-42.570314],[-72.06448,-42.572646],[-72.070774,-42.567312],[-72.075174,-42.566316],[-72.087299,-42.579175],[-72.092363,-42.58204],[-72.092863,-42.585171],[-72.097027,-42.589002],[-72.096194,-42.592366],[-72.100524,-42.595231],[-72.103523,-42.600295],[-72.118513,-42.60296],[-72.114116,-42.609089],[-72.11305,-42.616385],[-72.117613,-42.629209],[-72.113692,-42.630902],[-72.103123,-42.630609],[-72.096027,-42.642035],[-72.099525,-42.643434],[-72.103209,-42.647973],[-72.107853,-42.649331],[-72.109585,-42.654061],[-72.118599,-42.661121],[-72.12184,-42.66701],[-72.122639,-42.672448],[-72.131334,-42.672007],[-72.135218,-42.676341],[-72.135897,-42.680135],[-72.149123,-42.681368],[-72.155319,-42.677637],[-72.164045,-42.67694],[-72.170143,-42.671707],[-72.172641,-42.671874],[-72.174348,-42.682661],[-72.178704,-42.689196],[-72.176943,-42.693725],[-72.179903,-42.696125],[-72.167278,-42.70442],[-72.160016,-42.70442],[-72.152254,-42.706585],[-72.151088,-42.709284],[-72.138213,-42.711159],[-72.139628,-42.717912],[-72.138547,-42.72256],[-72.135516,-42.727002],[-72.128425,-42.731051],[-72.134708,-42.734844],[-72.135464,-42.7369],[-72.147157,-42.741563],[-72.144832,-42.745386],[-72.145025,-42.749558],[-72.138196,-42.752157],[-72.13424,-42.756492],[-72.135498,-42.760518],[-72.133796,-42.773754],[-72.13133,-42.777127],[-72.140718,-42.781917],[-72.138723,-42.789436],[-72.142703,-42.795278],[-72.14937,-42.798688],[-72.160526,-42.797265],[-72.165019,-42.798913],[-72.161615,-42.808855],[-72.155918,-42.814851],[-72.155978,-42.818984],[-72.159478,-42.822948],[-72.159283,-42.826543],[-72.150807,-42.831564],[-72.147876,-42.850019],[-72.145977,-42.851652],[-72.134151,-42.852718],[-72.134884,-42.867475],[-72.121534,-42.875546],[-72.118294,-42.881699],[-72.118827,-42.882932],[-72.131604,-42.884899],[-72.135483,-42.888595],[-72.135917,-42.892026],[-72.141787,-42.895399],[-72.142712,-42.898222],[-72.141849,-42.901152],[-72.137915,-42.902453],[-72.132086,-42.90755],[-72.131913,-42.911746],[-72.120913,-42.918045],[-72.117558,-42.921714],[-72.11413,-42.922607],[-72.118957,-42.932379],[-72.116691,-42.935946],[-72.109446,-42.938118],[-72.105383,-42.937426],[-72.103721,-42.942161],[-72.097653,-42.941566],[-72.094329,-42.945613],[-72.093424,-42.949719],[-72.090675,-42.951999],[-72.086828,-42.952783],[-72.08353,-42.947986],[-72.073203,-42.94961],[-72.070977,-42.955947],[-72.065692,-42.958032],[-72.063216,-42.966016],[-72.060349,-42.968497],[-72.060478,-42.972298],[-72.056247,-42.974636],[-72.058577,-42.980288],[-72.057171,-42.982943],[-72.05049,-42.984605],[-72.038151,-42.992563],[-72.037829,-42.99869],[-72.040329,-43.003063],[-72.036532,-43.013023],[-72.020009,-43.017587],[-72.013013,-43.029613],[-72.00699,-43.032745],[-72.00262,-43.037408],[-71.997456,-43.038541],[-71.991432,-43.035044],[-71.983299,-43.035076],[-71.980101,-43.036709],[-71.979334,-43.044237],[-71.977869,-43.045703],[-71.972339,-43.04557],[-71.965608,-43.039947],[-71.958399,-43.040304],[-71.953829,-43.041717],[-71.951981,-43.044413],[-71.944133,-43.045994],[-71.938765,-43.052714],[-71.93631,-43.052771],[-71.934178,-43.062936],[-71.937452,-43.071311],[-71.933873,-43.080487],[-71.940672,-43.088717],[-71.940897,-43.091318],[-71.943302,-43.09242],[-71.938784,-43.093412],[-71.93433,-43.097143],[-71.932902,-43.10213],[-71.922204,-43.100817],[-71.89268,-43.107022],[-71.888606,-43.118939],[-71.888819,-43.123981],[-71.886373,-43.127026],[-71.881667,-43.126692],[-71.873686,-43.129048],[-71.863837,-43.128159],[-71.86022,-43.129529],[-71.852986,-43.127112],[-71.853772,-43.134492],[-71.860706,-43.139908],[-71.857337,-43.142577],[-71.846301,-43.141816],[-71.841446,-43.144228],[-71.840246,-43.142957],[-71.835264,-43.143157],[-71.832537,-43.146883],[-71.829915,-43.146407],[-71.823113,-43.151011],[-71.817816,-43.145915],[-71.815079,-43.145681],[-71.799456,-43.156945],[-71.793402,-43.157293],[-71.788976,-43.159911],[-71.783711,-43.168781],[-71.777248,-43.165176],[-71.772049,-43.168048],[-71.760532,-43.164622],[-71.7545,-43.176611],[-71.74115,-43.17927],[-71.729414,-43.199689],[-71.7297,-43.202688],[-71.732575,-43.203886],[-71.734525,-43.212929],[-71.740626,-43.2214],[-71.742387,-43.222989],[-71.753999,-43.225235],[-71.757254,-43.228271],[-71.754817,-43.236305],[-71.755398,-43.24012],[-71.751153,-43.242497],[-71.747455,-43.250212],[-71.746556,-43.266682],[-71.741025,-43.267886],[-71.730799,-43.282239],[-71.736262,-43.288568],[-71.732823,-43.297309],[-71.732252,-43.303119],[-71.733497,-43.305457],[-71.731724,-43.309027],[-71.734603,-43.314333],[-71.746965,-43.320032],[-71.755211,-43.317642],[-71.76148,-43.313919],[-71.761713,-43.305358],[-71.76611,-43.301273],[-71.768636,-43.300107],[-71.772959,-43.30129],[-71.775704,-43.298195],[-71.786404,-43.296968],[-71.791347,-43.297645],[-71.803215,-43.305736],[-71.800839,-43.309268],[-71.801231,-43.312666],[-71.8091,-43.314923],[-71.811032,-43.32001],[-71.823789,-43.324083],[-71.832078,-43.330323],[-71.837517,-43.332179],[-71.840097,-43.335205],[-71.849691,-43.335472],[-71.854001,-43.332156],[-71.858395,-43.333377],[-71.866514,-43.332774],[-71.87021,-43.328908],[-71.889933,-43.325145],[-71.895829,-43.319848],[-71.902545,-43.321125],[-71.906816,-43.324219],[-71.896728,-43.33817],[-71.901259,-43.341402],[-71.902092,-43.343833],[-71.898794,-43.348064],[-71.894852,-43.349147],[-71.890167,-43.358283],[-71.890153,-43.35981],[-71.898348,-43.367449],[-71.894022,-43.374958],[-71.893742,-43.380094],[-71.902334,-43.379904],[-71.911436,-43.386614],[-71.922184,-43.384927],[-71.933253,-43.386773],[-71.931029,-43.389486],[-71.929657,-43.400035],[-71.926088,-43.405241],[-71.915606,-43.413395],[-71.914107,-43.416654],[-71.918651,-43.420438],[-71.917771,-43.425958],[-71.923101,-43.4271],[-71.924867,-43.434905],[-71.928426,-43.437989],[-71.928065,-43.442138],[-71.934289,-43.447887],[-71.930577,-43.454008],[-71.930667,-43.45731],[-71.925318,-43.458756],[-71.919719,-43.455816],[-71.90713,-43.456739],[-71.895039,-43.451239],[-71.885086,-43.450189],[-71.881382,-43.451297],[-71.878542,-43.463221],[-71.870844,-43.462864],[-71.861969,-43.471498],[-71.852356,-43.477495],[-71.848635,-43.482889],[-71.852017,-43.494659],[-71.854587,-43.495915],[-71.855101,-43.500884],[-71.859612,-43.508365],[-71.864466,-43.511049],[-71.870367,-43.521018],[-71.872119,-43.521728],[-71.871904,-43.52648],[-71.878491,-43.527526],[-71.877301,-43.537044],[-71.878788,-43.548109],[-71.87748,-43.551083],[-71.86124,-43.551618],[-71.845624,-43.548153],[-71.828425,-43.549978],[-71.799969,-43.541149],[-71.783876,-43.54254],[-71.776522,-43.538692],[-71.771262,-43.550474],[-71.76303,-43.55628],[-71.765355,-43.562872],[-71.762286,-43.56549],[-71.759859,-43.571391],[-71.76407,-43.573818],[-71.764832,-43.57615],[-71.762405,-43.580861],[-71.757414,-43.58423],[-71.747688,-43.567089],[-71.741348,-43.562237],[-71.731361,-43.549892],[-71.718048,-43.542549],[-71.713531,-43.54155],[-71.702103,-43.543312],[-71.691356,-43.548161],[-71.689063,-43.547517],[-71.676628,-43.53804],[-71.674278,-43.534729],[-71.672272,-43.524006],[-71.667877,-43.521946],[-71.657852,-43.520676],[-71.632912,-43.524143],[-71.619041,-43.520229],[-71.600128,-43.52491],[-71.585709,-43.521137],[-71.570427,-43.520092],[-71.549629,-43.5303],[-71.53949,-43.53001],[-71.519882,-43.526447],[-71.494247,-43.538261],[-71.484444,-43.540096],[-71.473488,-43.54784],[-71.468529,-43.554264],[-71.457214,-43.561535],[-71.45282,-43.568249],[-71.44812,-43.569443],[-71.437843,-43.56971],[-71.363037,-43.558609],[-71.33387,-43.552078],[-71.318748,-43.552303],[-71.309341,-43.555267],[-71.294479,-43.565235],[-71.285484,-43.568619],[-71.26136,-43.57452],[-71.236237,-43.577065],[-71.224922,-43.58453],[-71.210945,-43.588905],[-71.18544,-43.589275],[-71.177429,-43.593716],[-71.148468,-43.619293],[-71.143677,-43.620678],[-71.132477,-43.62801],[-71.108109,-43.633705],[-71.041626,-43.61533],[-71.023544,-43.608524],[-71.012184,-43.601231],[-70.986229,-43.57378],[-70.971062,-43.5639],[-70.962723,-43.559696],[-70.934273,-43.551666],[-70.916885,-43.543869],[-70.909821,-43.538689],[-70.892448,-43.520382],[-70.884209,-43.506859],[-70.874603,-43.485798],[-70.861877,-43.46983],[-70.848572,-43.458576],[-70.844994,-43.45145],[-70.845085,-43.447964],[-70.850815,-43.441708],[-70.861855,-43.421196],[-70.861961,-43.41378],[-70.858383,-43.406902],[-70.864365,-43.392796],[-70.865364,-43.374302],[-70.862862,-43.359688],[-70.866699,-43.337643],[-70.871735,-43.331379],[-70.879898,-43.326309],[-70.884911,-43.315758],[-70.886024,-43.308525],[-70.876946,-43.291176],[-70.857582,-43.269466],[-70.853088,-43.255054],[-70.849846,-43.250031],[-70.830902,-43.232708],[-70.824783,-43.222641],[-70.823929,-43.204136],[-70.8274,-43.193378],[-70.827309,-43.167473],[-70.823998,-43.158524],[-70.82206,-43.138199],[-70.818794,-43.129314],[-70.815529,-43.12426],[-70.799194,-43.110207],[-70.792374,-43.098339],[-70.79438,-43.085411],[-70.793839,-43.076176],[-70.78553,-43.051048],[-70.787888,-43.038261],[-70.792023,-43.027512],[-70.790886,-43.024078],[-70.774773,-43.015091],[-70.746056,-43.008743],[-70.731728,-43.001816],[-70.719635,-42.999001],[-70.709549,-42.990799],[-70.698181,-42.970257],[-70.6633,-42.967278],[-70.630585,-42.967541],[-70.580643,-42.946487],[-70.577797,-42.943546],[-70.574112,-42.932652],[-70.565797,-42.925968],[-70.564099,-42.922246],[-70.580894,-42.906239],[-70.578438,-42.897213],[-70.574425,-42.890415],[-70.57335,-42.881604],[-70.57509,-42.877125],[-70.58451,-42.866515]]]}},{"type":"Feature","properties":{"territorio_id":"26042","territorio_nombre":"Gaiman","tipo_territorio":"Departamento","fuente_cartografica":"Censo 2022 - Departamentos - Chubut"},"geometry":{"type":"Polygon","coordinates":[[[-65.404213,-43.760052],[-65.427025,-43.382542],[-65.454575,-42.851921],[-65.942741,-42.862286],[-67.153625,-42.878983],[-67.148163,-43.340305],[-66.529945,-43.335266],[-66.524628,-43.783035],[-66.096954,-43.775558],[-65.404213,-43.760052]]]}},{"type":"Feature","properties":{"territorio_id":"26049","territorio_nombre":"Gastre","tipo_territorio":"Departamento","fuente_cartografica":"Censo 2022 - Departamentos - Chubut"},"geometry":{"type":"Polygon","coordinates":[[[-68.389397,-41.999998],[-69.428106,-42.0],[-69.558548,-43.331963],[-67.767601,-43.338791],[-67.773872,-42.882572],[-68.381599,-42.882832],[-68.389397,-41.999998]]]}},{"type":"Feature","properties":{"territorio_id":"26056","territorio_nombre":"Languiñeo","tipo_territorio":"Departamento","fuente_cartografica":"Censo 2022 - Departamentos - Chubut"},"geometry":{"type":"Polygon","coordinates":[[[-69.505287,-42.796757],[-69.527229,-42.776985],[-69.535019,-42.767479],[-69.538406,-42.760567],[-69.540627,-42.749538],[-69.56617,-42.713474],[-69.595955,-42.693699],[-69.613571,-42.686653],[-69.628586,-42.685993],[-69.662743,-42.679729],[-69.672508,-42.680153],[-69.681519,-42.683384],[-69.696594,-42.684109],[-69.71669,-42.684048],[-69.736427,-42.681358],[-69.748695,-42.674976],[-69.776001,-42.653572],[-69.793304,-42.645889],[-69.808037,-42.644836],[-69.815941,-42.640202],[-69.82058,-42.633709],[-69.834915,-42.630123],[-69.847496,-42.624424],[-69.862556,-42.623947],[-69.873886,-42.628014],[-69.883293,-42.634205],[-69.892883,-42.636013],[-69.925201,-42.636551],[-69.957146,-42.631557],[-69.964508,-42.636208],[-69.988686,-42.640667],[-69.990288,-42.643925],[-70.000938,-42.651611],[-70.016991,-42.672485],[-70.041779,-42.673031],[-70.055344,-42.668579],[-70.07196,-42.654659],[-70.091316,-42.642921],[-70.109619,-42.637024],[-70.148346,-42.629265],[-70.205261,-42.623569],[-70.219849,-42.62606],[-70.227768,-42.630672],[-70.242975,-42.634467],[-70.254072,-42.640715],[-70.263923,-42.641732],[-70.292095,-42.633901],[-70.29413,-42.630786],[-70.292614,-42.627355],[-70.295433,-42.622139],[-70.305412,-42.617008],[-70.306035,-42.611585],[-70.308193,-42.608723],[-70.307411,-42.60466],[-70.318498,-42.602395],[-70.319966,-42.598944],[-70.324291,-42.596612],[-70.345863,-42.601726],[-70.347481,-42.601219],[-70.347852,-42.596895],[-70.349319,-42.59602],[-70.368225,-42.601479],[-70.372351,-42.607234],[-70.389977,-42.617378],[-70.39749,-42.629194],[-70.434868,-42.647797],[-70.439331,-42.652031],[-70.455887,-42.679081],[-70.511086,-42.731514],[-70.536736,-42.763298],[-70.552605,-42.79842],[-70.557243,-42.812717],[-70.573891,-42.835533],[-70.588524,-42.850605],[-70.588287,-42.857895],[-70.585602,-42.865082],[-70.57509,-42.877125],[-70.573404,-42.881095],[-70.574425,-42.890415],[-70.578438,-42.897213],[-70.580894,-42.906239],[-70.564099,-42.922246],[-70.565797,-42.925968],[-70.574112,-42.932652],[-70.577797,-42.943546],[-70.580643,-42.946487],[-70.630585,-42.967541],[-70.6633,-42.967278],[-70.698181,-42.970257],[-70.709549,-42.990799],[-70.719635,-42.999001],[-70.731728,-43.001816],[-70.746056,-43.008743],[-70.774773,-43.015091],[-70.790886,-43.024078],[-70.792023,-43.027512],[-70.787888,-43.038261],[-70.78553,-43.051048],[-70.793839,-43.076176],[-70.79438,-43.085411],[-70.792374,-43.098339],[-70.799194,-43.110207],[-70.815529,-43.12426],[-70.818794,-43.129314],[-70.82206,-43.138199],[-70.823998,-43.158524],[-70.827309,-43.167473],[-70.8274,-43.193378],[-70.823929,-43.204136],[-70.824783,-43.222641],[-70.830902,-43.232708],[-70.849846,-43.250031],[-70.853088,-43.255054],[-70.857582,-43.269466],[-70.876946,-43.291176],[-70.886024,-43.308525],[-70.884911,-43.315758],[-70.879898,-43.326309],[-70.871735,-43.331379],[-70.866699,-43.337643],[-70.862862,-43.359688],[-70.865364,-43.374302],[-70.864365,-43.392796],[-70.858383,-43.406902],[-70.861961,-43.41378],[-70.861855,-43.421196],[-70.850815,-43.441708],[-70.845085,-43.447964],[-70.844994,-43.45145],[-70.848572,-43.458576],[-70.861877,-43.46983],[-70.874603,-43.485798],[-70.890144,-43.517094],[-70.909821,-43.538689],[-70.916885,-43.543869],[-70.929802,-43.5499],[-70.962723,-43.559696],[-70.974976,-43.56628],[-70.989517,-43.576603],[-71.015411,-43.60405],[-71.023544,-43.608524],[-71.041626,-43.61533],[-71.108109,-43.633705],[-71.132477,-43.62801],[-71.143677,-43.620678],[-71.148468,-43.619293],[-71.177429,-43.593716],[-71.18544,-43.589275],[-71.210945,-43.588905],[-71.224922,-43.58453],[-71.236237,-43.577065],[-71.26136,-43.57452],[-71.285484,-43.568619],[-71.294479,-43.565235],[-71.309341,-43.555267],[-71.318748,-43.552303],[-71.33387,-43.552078],[-71.363037,-43.558609],[-71.442879,-43.569935],[-71.45282,-43.568249],[-71.457214,-43.561535],[-71.468529,-43.554264],[-71.473488,-43.54784],[-71.484444,-43.540096],[-71.494247,-43.538261],[-71.519882,-43.526447],[-71.53949,-43.53001],[-71.549629,-43.5303],[-71.570427,-43.520092],[-71.585709,-43.521137],[-71.600128,-43.52491],[-71.619041,-43.520229],[-71.632912,-43.524143],[-71.657852,-43.520676],[-71.667877,-43.521946],[-71.672272,-43.524006],[-71.674278,-43.534729],[-71.676628,-43.53804],[-71.689063,-43.547517],[-71.691356,-43.548161],[-71.702103,-43.543312],[-71.713531,-43.54155],[-71.718048,-43.542549],[-71.731361,-43.549892],[-71.741348,-43.562237],[-71.747688,-43.567089],[-71.757414,-43.58423],[-71.742338,-43.585894],[-71.733335,-43.579574],[-71.721361,-43.57771],[-71.718744,-43.578763],[-71.719571,-43.577002],[-71.717554,-43.576425],[-71.715436,-43.580441],[-71.708488,-43.583909],[-71.707947,-43.589054],[-71.705764,-43.589613],[-71.708607,-43.591029],[-71.707989,-43.593664],[-71.710178,-43.594682],[-71.707681,-43.600719],[-71.709937,-43.603175],[-71.707652,-43.604103],[-71.707652,-43.606813],[-71.702733,-43.615163],[-71.703293,-43.622955],[-71.701818,-43.623821],[-71.703464,-43.625249],[-71.698715,-43.624554],[-71.690615,-43.626848],[-71.678975,-43.624107],[-71.67355,-43.625106],[-71.661767,-43.621099],[-71.650802,-43.620833],[-71.626294,-43.623707],[-71.621487,-43.626286],[-71.607763,-43.62859],[-71.591125,-43.637822],[-71.588746,-43.643761],[-71.581455,-43.65168],[-71.582502,-43.656915],[-71.581417,-43.659218],[-71.585405,-43.664781],[-71.588292,-43.67545],[-71.611997,-43.676042],[-71.610627,-43.682032],[-71.602656,-43.686768],[-71.599781,-43.696969],[-71.606653,-43.700331],[-71.611674,-43.700616],[-71.621478,-43.700925],[-71.630091,-43.698594],[-71.631257,-43.700069],[-71.630496,-43.706541],[-71.6319,-43.708088],[-71.63535,-43.706636],[-71.634779,-43.70547],[-71.636849,-43.703471],[-71.645463,-43.7039],[-71.65046,-43.70083],[-71.657074,-43.700854],[-71.661622,-43.703442],[-71.662904,-43.709706],[-71.660477,-43.712323],[-71.659787,-43.717653],[-71.66576,-43.722531],[-71.683724,-43.721103],[-71.697763,-43.726909],[-71.701858,-43.738456],[-71.729386,-43.762173],[-71.733765,-43.769097],[-71.735983,-43.778525],[-71.745781,-43.782422],[-71.752895,-43.787276],[-71.75349,-43.788989],[-71.75054,-43.792677],[-71.751277,-43.797698],[-71.749279,-43.808144],[-71.756703,-43.815068],[-71.752372,-43.821945],[-71.759605,-43.823396],[-71.758582,-43.830963],[-71.763294,-43.837173],[-71.763436,-43.839481],[-71.758796,-43.844597],[-71.740451,-43.851212],[-71.731964,-43.859703],[-71.716189,-43.854653],[-71.708717,-43.855739],[-71.709208,-43.862062],[-71.704949,-43.867012],[-71.705901,-43.871913],[-71.70326,-43.877624],[-71.706567,-43.881241],[-71.705663,-43.884191],[-71.707567,-43.888379],[-71.706091,-43.891568],[-71.707376,-43.894495],[-71.698858,-43.894994],[-71.696217,-43.897231],[-71.695146,-43.902656],[-71.6926,-43.903536],[-71.677038,-43.904322],[-71.666426,-43.901228],[-71.655941,-43.913815],[-71.65075,-43.9237],[-71.649627,-43.934869],[-71.599052,-43.928543],[-71.548531,-43.925999],[-71.518059,-43.926262],[-71.478348,-43.92012],[-71.468857,-43.917683],[-71.434082,-43.902622],[-71.393806,-43.880547],[-71.383881,-43.878906],[-71.369316,-43.883125],[-71.371742,-43.935406],[-71.118416,-43.93985],[-71.116188,-43.849335],[-70.995857,-43.850662],[-70.99231,-43.760891],[-69.999733,-43.77911],[-69.53138,-43.784729],[-69.558548,-43.331963],[-69.505287,-42.796757]]]}},{"type":"Feature","properties":{"territorio_id":"26063","territorio_nombre":"Mártires","tipo_territorio":"Departamento","fuente_cartografica":"Censo 2022 - Departamentos - Chubut"},"geometry":{"type":"Polygon","coordinates":[[[-66.459299,-43.782024],[-66.524628,-43.783035],[-66.529945,-43.335266],[-67.148163,-43.340305],[-67.153625,-42.878983],[-67.773872,-42.882572],[-67.748085,-44.684933],[-67.094162,-44.678928],[-67.092657,-44.721024],[-67.080498,-44.716652],[-67.065369,-44.699924],[-67.05912,-44.688648],[-67.058968,-44.684429],[-67.053352,-44.677029],[-67.051704,-44.67194],[-67.04395,-44.665483],[-67.034157,-44.663128],[-67.023143,-44.654389],[-67.015818,-44.651926],[-67.008331,-44.634686],[-66.994858,-44.611595],[-66.974312,-44.592419],[-66.969864,-44.583431],[-66.969466,-44.565474],[-66.963036,-44.559696],[-66.958954,-44.5518],[-66.961296,-44.544624],[-66.968124,-44.537678],[-66.967255,-44.529343],[-66.960152,-44.522614],[-66.948761,-44.520775],[-66.940697,-44.514687],[-66.939064,-44.51067],[-66.93895,-44.496883],[-66.931267,-44.480919],[-66.91713,-44.468742],[-66.908943,-44.457497],[-66.896072,-44.448803],[-66.878792,-44.426743],[-66.861427,-44.41536],[-66.83461,-44.387577],[-66.823364,-44.363503],[-66.814308,-44.35268],[-66.809074,-44.340572],[-66.806824,-44.327969],[-66.806511,-44.294117],[-66.810861,-44.279849],[-66.807045,-44.276428],[-66.798882,-44.262852],[-66.776848,-44.243073],[-66.762955,-44.235252],[-66.74189,-44.227806],[-66.725815,-44.215439],[-66.715698,-44.204975],[-66.696869,-44.195019],[-66.694481,-44.191696],[-66.690063,-44.175133],[-66.676331,-44.142769],[-66.674461,-44.134415],[-66.675285,-44.121761],[-66.685508,-44.103167],[-66.679832,-44.090057],[-66.681966,-44.082927],[-66.675919,-44.07436],[-66.653969,-44.054581],[-66.634697,-44.028442],[-66.632042,-44.022022],[-66.628487,-44.019592],[-66.623672,-44.020271],[-66.620483,-44.022697],[-66.61573,-44.022877],[-66.60479,-44.018967],[-66.594749,-44.008808],[-66.583412,-44.000557],[-66.577736,-43.992855],[-66.571762,-43.991024],[-66.550949,-43.992859],[-66.539711,-43.991161],[-66.52494,-43.984226],[-66.501907,-43.977409],[-66.492386,-43.97234],[-66.485252,-43.965725],[-66.480965,-43.958931],[-66.478622,-43.950626],[-66.477867,-43.916782],[-66.47448,-43.903271],[-66.465332,-43.893784],[-66.439339,-43.875214],[-66.434998,-43.868526],[-66.43261,-43.859138],[-66.433952,-43.839096],[-66.431007,-43.829964],[-66.431763,-43.825672],[-66.435684,-43.817741],[-66.446823,-43.809261],[-66.456322,-43.798534],[-66.457718,-43.784939],[-66.459299,-43.782024]]]}},{"type":"Feature","properties":{"territorio_id":"26070","territorio_nombre":"Paso de Indios","tipo_territorio":"Departamento","fuente_cartografica":"Censo 2022 - Departamentos - Chubut"},"geometry":{"type":"Polygon","coordinates":[[[-67.767601,-43.338791],[-69.558548,-43.331963],[-69.509117,-44.144913],[-69.918686,-44.678032],[-68.912186,-44.686363],[-68.371193,-44.68718],[-67.748085,-44.684933],[-67.767601,-43.338791]]]}},{"type":"Feature","properties":{"territorio_id":"26077","territorio_nombre":"Rawson","tipo_territorio":"Departamento","fuente_cartografica":"Censo 2022 - Departamentos - Chubut"},"geometry":{"type":"Polygon","coordinates":[[[-64.847736,-42.839095],[-64.858454,-42.836433],[-65.454575,-42.851921],[-65.427025,-43.382542],[-65.404213,-43.760052],[-65.353212,-43.758739],[-65.355416,-43.752855],[-65.353762,-43.735414],[-65.349491,-43.728823],[-65.351181,-43.71965],[-65.343935,-43.70222],[-65.342186,-43.687765],[-65.33942,-43.67951],[-65.341621,-43.676149],[-65.332906,-43.6575],[-65.325232,-43.652295],[-65.325678,-43.650183],[-65.31509,-43.639565],[-65.316369,-43.635877],[-65.314703,-43.632129],[-65.311015,-43.630047],[-65.307238,-43.624544],[-65.293466,-43.611904],[-65.286893,-43.602475],[-65.287429,-43.600214],[-65.285644,-43.597597],[-65.277732,-43.590667],[-65.269761,-43.588555],[-65.262563,-43.582487],[-65.26066,-43.580405],[-65.260898,-43.57755],[-65.254086,-43.570709],[-65.244539,-43.566158],[-65.231125,-43.556908],[-65.224105,-43.556432],[-65.210602,-43.549086],[-65.20504,-43.543405],[-65.201352,-43.543494],[-65.194005,-43.539865],[-65.19457,-43.534244],[-65.191744,-43.529009],[-65.183476,-43.523715],[-65.178866,-43.518272],[-65.174047,-43.505393],[-65.145196,-43.47333],[-65.114709,-43.447066],[-65.091658,-43.43163],[-65.087167,-43.425919],[-65.052579,-43.402579],[-65.050584,-43.394924],[-65.043486,-43.381516],[-65.04664,-43.378268],[-65.045388,-43.371958],[-65.047522,-43.362725],[-65.055781,-43.351544],[-65.056105,-43.345095],[-65.054713,-43.343703],[-65.05643,-43.342172],[-65.05476,-43.340873],[-65.050293,-43.328276],[-65.041596,-43.315767],[-65.001651,-43.275078],[-64.97634,-43.254972],[-64.879733,-43.202653],[-64.796125,-43.165712],[-64.757608,-43.150603],[-64.672334,-43.122703],[-64.552201,-43.093079],[-64.494796,-43.073568],[-64.482393,-43.069909],[-64.473113,-43.069374],[-64.466897,-43.065834],[-64.458955,-43.064466],[-64.413091,-43.03389],[-64.390992,-43.026068],[-64.387988,-43.022082],[-64.371362,-43.01533],[-64.330584,-43.002749],[-64.325141,-42.99799],[-64.32523,-42.993052],[-64.322612,-42.989335],[-64.317853,-42.98642],[-64.313124,-42.985706],[-64.307681,-42.979162],[-64.308603,-42.970834],[-64.317199,-42.964142],[-64.322196,-42.949598],[-64.330316,-42.935916],[-64.335164,-42.935737],[-64.344295,-42.94237],[-64.368239,-42.953078],[-64.396822,-42.959591],[-64.403752,-42.95623],[-64.414727,-42.956676],[-64.413579,-42.955546],[-64.423335,-42.954904],[-64.433257,-42.950645],[-64.438468,-42.95005],[-64.488937,-42.949407],[-64.50112,-42.944886],[-64.501262,-42.941817],[-64.509352,-42.933988],[-64.524081,-42.924685],[-64.53329,-42.921639],[-64.543498,-42.919854],[-64.545639,-42.922305],[-64.558845,-42.92428],[-64.601485,-42.923543],[-64.618998,-42.921496],[-64.647908,-42.914834],[-64.667301,-42.908457],[-64.669847,-42.905363],[-64.694332,-42.899367],[-64.697235,-42.897202],[-64.69821,-42.892657],[-64.703088,-42.885828],[-64.702303,-42.88333],[-64.724432,-42.876739],[-64.741897,-42.868696],[-64.777613,-42.857798],[-64.786131,-42.852801],[-64.807808,-42.844449],[-64.811592,-42.840214],[-64.817493,-42.838953],[-64.823941,-42.840713],[-64.830913,-42.838715],[-64.836909,-42.840452],[-64.843691,-42.837834],[-64.847736,-42.839095]]]}},{"type":"Feature","properties":{"territorio_id":"26084","territorio_nombre":"Río Senguer","tipo_territorio":"Departamento","fuente_cartografica":"Censo 2022 - Departamentos - Chubut"},"geometry":{"type":"Polygon","coordinates":[[[-71.232634,-44.653839],[-71.228179,-44.657186],[-71.223492,-44.664375],[-71.216629,-44.666141],[-71.219315,-44.671005],[-71.216663,-44.675202],[-71.19975,-44.678789],[-71.195842,-44.684896],[-71.196709,-44.688294],[-71.2104,-44.69872],[-71.210866,-44.700986],[-71.209134,-44.702918],[-71.214298,-44.714211],[-71.204278,-44.717549],[-71.202272,-44.722839],[-71.20401,-44.740705],[-71.209067,-44.744292],[-71.205603,-44.749522],[-71.208302,-44.753153],[-71.220597,-44.761886],[-71.238114,-44.769272],[-71.244973,-44.778835],[-71.253726,-44.785245],[-71.253964,-44.788696],[-71.248306,-44.795395],[-71.250632,-44.799344],[-71.255072,-44.801723],[-71.261428,-44.802481],[-71.261701,-44.804987],[-71.28981,-44.809677],[-71.291816,-44.813948],[-71.304308,-44.80622],[-71.315354,-44.806125],[-71.328324,-44.808517],[-71.331192,-44.803879],[-71.338394,-44.797775],[-71.355983,-44.790956],[-71.365501,-44.792027],[-71.37233,-44.79631],[-71.382096,-44.792404],[-71.394486,-44.790024],[-71.408093,-44.777036],[-71.417437,-44.77444],[-71.420217,-44.770149],[-71.425808,-44.768411],[-71.43002,-44.764556],[-71.431383,-44.757154],[-71.43416,-44.754634],[-71.447652,-44.752064],[-71.452215,-44.754319],[-71.451549,-44.751554],[-71.456432,-44.747352],[-71.465728,-44.74636],[-71.462952,-44.74267],[-71.465407,-44.739761],[-71.474207,-44.737073],[-71.488555,-44.736573],[-71.50561,-44.742473],[-71.511618,-44.742116],[-71.519709,-44.745268],[-71.531204,-44.743023],[-71.546359,-44.75205],[-71.557111,-44.75367],[-71.563967,-44.756392],[-71.566881,-44.759307],[-71.574692,-44.754462],[-71.581601,-44.752265],[-71.595358,-44.767215],[-71.595673,-44.770431],[-71.592087,-44.774359],[-71.595382,-44.779364],[-71.617111,-44.777045],[-71.626368,-44.779592],[-71.631603,-44.778105],[-71.639389,-44.779547],[-71.641602,-44.781738],[-71.648973,-44.781972],[-71.657479,-44.786195],[-71.666343,-44.787206],[-71.671963,-44.786869],[-71.675567,-44.779311],[-71.674136,-44.771799],[-71.686985,-44.765018],[-71.692101,-44.764423],[-71.705023,-44.769863],[-71.718275,-44.766862],[-71.735933,-44.768793],[-71.738441,-44.766029],[-71.747423,-44.762103],[-71.762944,-44.762381],[-71.772072,-44.755192],[-71.786484,-44.752264],[-71.81045,-44.763636],[-71.816115,-44.77068],[-71.824577,-44.774944],[-71.823486,-44.781494],[-71.810711,-44.785134],[-71.815458,-44.793092],[-71.830994,-44.791077],[-71.852112,-44.800781],[-71.859802,-44.800476],[-71.874354,-44.794435],[-71.886271,-44.795032],[-71.892529,-44.785839],[-71.900879,-44.784607],[-71.914612,-44.776611],[-71.922729,-44.778055],[-71.925008,-44.780017],[-71.924931,-44.782256],[-71.921296,-44.786613],[-71.926409,-44.792656],[-71.923628,-44.798123],[-71.927505,-44.804035],[-71.936401,-44.799011],[-71.94519,-44.791199],[-71.956787,-44.786011],[-71.96582,-44.785889],[-71.9776,-44.782898],[-71.982483,-44.780029],[-71.994162,-44.785368],[-72.00061,-44.786377],[-72.00694,-44.782799],[-72.005188,-44.777893],[-72.008179,-44.77301],[-72.016907,-44.771179],[-72.013759,-44.760299],[-72.018156,-44.756661],[-72.021606,-44.75708],[-72.028783,-44.764167],[-72.032424,-44.765452],[-72.0448,-44.759094],[-72.057312,-44.756409],[-72.063904,-44.756592],[-72.067005,-44.759968],[-72.064162,-44.772395],[-72.066059,-44.77651],[-72.073821,-44.780641],[-72.065613,-44.789307],[-72.056091,-44.793396],[-72.046387,-44.794006],[-72.027083,-44.805458],[-72.036611,-44.808956],[-72.037144,-44.815352],[-72.041382,-44.818115],[-72.041507,-44.821182],[-72.049131,-44.827987],[-72.048046,-44.832433],[-72.049317,-44.837033],[-72.057483,-44.840745],[-72.065593,-44.849996],[-72.036354,-44.862331],[-72.038295,-44.864615],[-72.047318,-44.8669],[-72.064679,-44.874895],[-72.065821,-44.876722],[-72.062966,-44.879292],[-72.050516,-44.88169],[-72.047718,-44.887801],[-72.042521,-44.89197],[-72.039837,-44.900136],[-72.03367,-44.904762],[-72.029615,-44.904305],[-72.025161,-44.89888],[-72.01945,-44.897395],[-71.998777,-44.898651],[-71.979247,-44.903562],[-71.977762,-44.904248],[-71.97702,-44.911786],[-71.979075,-44.917497],[-71.977362,-44.919438],[-71.973993,-44.920923],[-71.947895,-44.92058],[-71.941899,-44.93046],[-71.93556,-44.933144],[-71.934418,-44.940396],[-71.924976,-44.944208],[-71.910699,-44.947968],[-71.892615,-44.949681],[-71.888856,-44.952489],[-71.887047,-44.946873],[-71.883526,-44.945969],[-71.884811,-44.952346],[-71.882764,-44.9582],[-71.879909,-44.959389],[-71.87672,-44.958295],[-71.874293,-44.953917],[-71.864871,-44.94773],[-71.854443,-44.932311],[-71.84317,-44.928385],[-71.831392,-44.927017],[-71.817219,-44.91979],[-71.809843,-44.92208],[-71.807136,-44.930498],[-71.800563,-44.930081],[-71.790807,-44.932133],[-71.778153,-44.940256],[-71.772248,-44.936952],[-71.761213,-44.925114],[-71.753837,-44.926482],[-71.750116,-44.930254],[-71.745895,-44.954619],[-71.74211,-44.958352],[-71.73605,-44.955155],[-71.711066,-44.955125],[-71.6967,-44.959943],[-71.682007,-44.969482],[-71.673828,-44.970276],[-71.657288,-44.975586],[-71.635362,-44.970188],[-71.624512,-44.974915],[-71.612915,-44.975281],[-71.60215,-44.970555],[-71.593688,-44.976851],[-71.582895,-44.980915],[-71.577393,-44.981201],[-71.55931,-44.97765],[-71.557544,-44.988444],[-71.552781,-44.995273],[-71.540955,-45.000203],[-71.54322,-45.003434],[-71.552381,-45.008498],[-71.552704,-45.010779],[-71.548317,-45.013794],[-71.558272,-45.029529],[-71.557986,-45.03148],[-71.553037,-45.033764],[-71.545794,-45.034559],[-71.538443,-45.041247],[-71.530413,-45.045708],[-71.520252,-45.058101],[-71.511793,-45.060877],[-71.507225,-45.066787],[-71.505425,-45.072212],[-71.504649,-45.077021],[-71.506499,-45.080984],[-71.505245,-45.083766],[-71.510425,-45.086992],[-71.510347,-45.092524],[-71.512983,-45.096569],[-71.518753,-45.100614],[-71.526544,-45.103125],[-71.503525,-45.102399],[-71.498825,-45.105611],[-71.491449,-45.107812],[-71.490626,-45.112639],[-71.485733,-45.117917],[-71.479267,-45.134292],[-71.481932,-45.140322],[-71.487486,-45.144117],[-71.478318,-45.139683],[-71.475753,-45.139853],[-71.470306,-45.144286],[-71.470074,-45.148766],[-71.445353,-45.152421],[-71.440647,-45.156756],[-71.418105,-45.157444],[-71.417739,-45.15861],[-71.425867,-45.162275],[-71.418671,-45.166672],[-71.42027,-45.169903],[-71.425178,-45.171744],[-71.419604,-45.172268],[-71.418177,-45.176187],[-71.406979,-45.180063],[-71.405093,-45.183862],[-71.406981,-45.189394],[-71.400048,-45.192523],[-71.399025,-45.197473],[-71.392053,-45.202208],[-71.378609,-45.207062],[-71.3778,-45.210917],[-71.375254,-45.21332],[-71.375921,-45.214605],[-71.371454,-45.217833],[-71.372732,-45.221053],[-71.369996,-45.225598],[-71.35115,-45.229905],[-71.341609,-45.236091],[-71.336942,-45.236755],[-71.332978,-45.241385],[-71.335843,-45.248048],[-71.338461,-45.250214],[-71.331379,-45.249413],[-71.331379,-45.251312],[-71.335776,-45.252845],[-71.33511,-45.25501],[-71.342838,-45.263638],[-71.346936,-45.266136],[-71.349368,-45.265803],[-71.3504,-45.267868],[-71.347102,-45.272466],[-71.338874,-45.273465],[-71.337302,-45.278345],[-71.329147,-45.277829],[-71.325516,-45.282792],[-71.32495,-45.287123],[-71.320053,-45.29212],[-71.320186,-45.29705],[-71.325249,-45.307044],[-71.329713,-45.311441],[-71.33491,-45.313806],[-71.333078,-45.319136],[-71.335909,-45.322034],[-71.347602,-45.326565],[-71.350134,-45.332495],[-71.36834,-45.337008],[-71.371823,-45.339464],[-71.371367,-45.344578],[-71.377077,-45.345197],[-71.385738,-45.350765],[-71.402537,-45.354905],[-71.413626,-45.354572],[-71.43842,-45.362519],[-71.441132,-45.365756],[-71.446272,-45.367659],[-71.448651,-45.369563],[-71.439467,-45.373037],[-71.443381,-45.378136],[-71.438005,-45.388336],[-71.438253,-45.395819],[-71.453248,-45.386114],[-71.468026,-45.387993],[-71.478829,-45.386101],[-71.499067,-45.386237],[-71.529458,-45.392704],[-71.531029,-45.396225],[-71.52903,-45.406647],[-71.529985,-45.410369],[-71.521939,-45.41864],[-71.522415,-45.422066],[-71.520557,-45.425352],[-71.533945,-45.432974],[-71.527449,-45.438971],[-71.516855,-45.439437],[-71.51036,-45.4455],[-71.510559,-45.452262],[-71.509115,-45.454271],[-71.499899,-45.455527],[-71.508994,-45.458725],[-71.508597,-45.460737],[-71.501931,-45.466653],[-71.496801,-45.468486],[-71.494698,-45.471184],[-71.484109,-45.469885],[-71.475073,-45.474248],[-71.469805,-45.482043],[-71.478162,-45.484449],[-71.482711,-45.483014],[-71.478846,-45.486641],[-71.468135,-45.491994],[-71.46892,-45.493636],[-71.484696,-45.499046],[-71.499686,-45.501602],[-71.511659,-45.50916],[-71.51649,-45.508155],[-71.525798,-45.509568],[-71.532451,-45.513452],[-71.54216,-45.515194],[-71.544505,-45.520486],[-71.550701,-45.519753],[-71.559562,-45.523584],[-71.565725,-45.520819],[-71.575152,-45.519487],[-71.584413,-45.521719],[-71.591442,-45.520186],[-71.606299,-45.522152],[-71.612496,-45.520012],[-71.61125,-45.516079],[-71.612616,-45.513794],[-71.618145,-45.51383],[-71.623725,-45.511427],[-71.6415,-45.513306],[-71.644736,-45.515234],[-71.644474,-45.518244],[-71.646425,-45.518494],[-71.678025,-45.516554],[-71.682135,-45.515076],[-71.688804,-45.521159],[-71.681525,-45.526194],[-71.682593,-45.527774],[-71.702783,-45.535883],[-71.713448,-45.537796],[-71.72367,-45.536611],[-71.733749,-45.541893],[-71.744314,-45.54215],[-71.745799,-45.543392],[-71.74557,-45.547104],[-71.751938,-45.550474],[-71.754679,-45.554271],[-71.759742,-45.556444],[-71.76353,-45.56031],[-71.76413,-45.566635],[-71.762845,-45.569919],[-71.764244,-45.572488],[-71.762945,-45.576643],[-71.753451,-45.578941],[-71.742629,-45.579198],[-71.737675,-45.575458],[-71.728524,-45.574059],[-71.726596,-45.577457],[-71.734463,-45.581354],[-71.731165,-45.585237],[-71.731431,-45.589956],[-71.73729,-45.59319],[-71.737904,-45.596402],[-71.741583,-45.598511],[-71.742247,-45.604545],[-71.748154,-45.610279],[-71.753765,-45.609808],[-71.760689,-45.617483],[-71.761498,-45.620413],[-71.772681,-45.617211],[-71.779557,-45.62182],[-71.777312,-45.629242],[-71.780708,-45.634072],[-71.778674,-45.636544],[-71.774249,-45.636472],[-71.77198,-45.64102],[-71.77946,-45.646228],[-71.779341,-45.650963],[-71.783886,-45.652796],[-71.778586,-45.658028],[-71.783887,-45.657749],[-71.787997,-45.661534],[-71.795526,-45.664931],[-71.795526,-45.666797],[-71.784959,-45.670947],[-71.778405,-45.678788],[-71.773047,-45.681236],[-71.775006,-45.694246],[-71.779968,-45.701744],[-71.790556,-45.707074],[-71.794815,-45.706955],[-71.797157,-45.710811],[-71.797514,-45.716284],[-71.801381,-45.718991],[-71.801054,-45.720894],[-71.795254,-45.727438],[-71.795147,-45.730114],[-71.771221,-45.743737],[-71.771548,-45.750013],[-71.766641,-45.750727],[-71.76328,-45.75614],[-71.764797,-45.762029],[-71.754833,-45.771309],[-71.755457,-45.775741],[-71.76126,-45.787835],[-71.747531,-45.796687],[-71.743271,-45.802588],[-71.743462,-45.808227],[-71.7501,-45.813438],[-71.753574,-45.818863],[-71.755002,-45.82593],[-71.766444,-45.836256],[-71.766138,-45.840564],[-71.76897,-45.844395],[-71.763402,-45.846513],[-71.762402,-45.85189],[-71.760427,-45.848868],[-71.755954,-45.849059],[-71.75543,-45.854769],[-71.744342,-45.85377],[-71.739726,-45.858124],[-71.736442,-45.855293],[-71.73254,-45.855388],[-71.729137,-45.852223],[-71.726687,-45.853318],[-71.725592,-45.856149],[-71.71586,-45.854436],[-71.71467,-45.857244],[-71.710054,-45.860742],[-71.700703,-45.864144],[-71.699013,-45.866738],[-71.6904,-45.865287],[-71.680097,-45.873234],[-71.674862,-45.873567],[-71.67115,-45.878635],[-71.660847,-45.883751],[-71.655469,-45.89008],[-71.652519,-45.89039],[-71.65397,-45.897385],[-71.646499,-45.905142],[-71.645327,-45.916927],[-71.641716,-45.924369],[-71.633483,-45.928556],[-71.627372,-45.9355],[-71.623508,-45.937152],[-71.62161,-45.944189],[-71.618374,-45.946973],[-71.617969,-45.955373],[-71.614733,-45.959275],[-71.615661,-45.961226],[-71.612544,-45.963225],[-71.614662,-45.966652],[-71.61459,-45.97567],[-71.618112,-45.980048],[-71.626844,-45.982356],[-71.630699,-45.976645],[-71.632983,-45.976169],[-71.645309,-45.985069],[-71.642739,-45.99273],[-71.644901,-46.0],[-69.648058,-45.999938],[-69.626785,-44.681366],[-70.32151,-44.672207],[-71.232634,-44.653839]]]}},{"type":"Feature","properties":{"territorio_id":"26091","territorio_nombre":"Sarmiento","tipo_territorio":"Departamento","fuente_cartografica":"Censo 2022 - Departamentos - Chubut"},"geometry":{"type":"Polygon","coordinates":[[[-69.64806,-45.999716],[-68.363119,-45.999898],[-68.371193,-44.68718],[-69.073296,-44.685623],[-69.626785,-44.681366],[-69.64806,-45.999716]]]}},{"type":"Feature","properties":{"territorio_id":"26098","territorio_nombre":"Tehuelches","tipo_territorio":"Departamento","fuente_cartografica":"Censo 2022 - Departamentos - Chubut"},"geometry":{"type":"Polygon","coordinates":[[[-69.53138,-43.784729],[-69.999733,-43.77911],[-70.99231,-43.760891],[-70.995857,-43.850662],[-71.116188,-43.849335],[-71.118416,-43.93985],[-71.371742,-43.935406],[-71.369316,-43.883125],[-71.383881,-43.878906],[-71.393806,-43.880547],[-71.434082,-43.902622],[-71.468857,-43.917683],[-71.478348,-43.92012],[-71.518059,-43.926262],[-71.548531,-43.925999],[-71.599052,-43.928543],[-71.649627,-43.934869],[-71.648781,-43.945925],[-71.656964,-43.951375],[-71.661076,-43.959713],[-71.661062,-43.963673],[-71.672841,-43.971109],[-71.679563,-43.971139],[-71.682478,-43.983899],[-71.684649,-43.988271],[-71.694405,-43.998741],[-71.696228,-44.006265],[-71.715594,-44.024875],[-71.716926,-44.031183],[-71.715061,-44.037401],[-71.719325,-44.041221],[-71.722134,-44.049622],[-71.726345,-44.052124],[-71.732117,-44.062674],[-71.736425,-44.065694],[-71.737026,-44.072815],[-71.747463,-44.076782],[-71.747307,-44.083727],[-71.749484,-44.089724],[-71.759426,-44.099609],[-71.768539,-44.107224],[-71.781338,-44.111511],[-71.800442,-44.111206],[-71.804531,-44.113098],[-71.824459,-44.114108],[-71.835119,-44.106869],[-71.847744,-44.111023],[-71.851772,-44.128466],[-71.843336,-44.138982],[-71.841252,-44.146282],[-71.842251,-44.149902],[-71.847689,-44.155016],[-71.847334,-44.158214],[-71.840947,-44.163879],[-71.836223,-44.161972],[-71.828106,-44.166672],[-71.816283,-44.179187],[-71.813823,-44.184067],[-71.799878,-44.191695],[-71.799032,-44.193249],[-71.801816,-44.197199],[-71.798104,-44.208835],[-71.80064,-44.214585],[-71.786421,-44.215188],[-71.781281,-44.213118],[-71.78002,-44.217187],[-71.7819,-44.219947],[-71.780601,-44.224119],[-71.788685,-44.222165],[-71.792993,-44.22483],[-71.807717,-44.228061],[-71.808894,-44.229405],[-71.805208,-44.230382],[-71.804623,-44.232606],[-71.811762,-44.236222],[-71.812983,-44.238564],[-71.806316,-44.242173],[-71.805403,-44.247272],[-71.813189,-44.25038],[-71.809168,-44.254711],[-71.80617,-44.255686],[-71.80636,-44.258114],[-71.81031,-44.26085],[-71.817829,-44.259065],[-71.826928,-44.259919],[-71.826705,-44.262991],[-71.829536,-44.265371],[-71.828704,-44.266703],[-71.80943,-44.269107],[-71.80312,-44.271689],[-71.807415,-44.273789],[-71.803997,-44.278489],[-71.808025,-44.282273],[-71.808761,-44.288212],[-71.804607,-44.290268],[-71.799602,-44.300461],[-71.793926,-44.30449],[-71.791912,-44.314072],[-71.788738,-44.318161],[-71.790508,-44.324387],[-71.787188,-44.331318],[-71.80009,-44.339031],[-71.810798,-44.339031],[-71.814557,-44.34022],[-71.820268,-44.345455],[-71.829453,-44.348596],[-71.836305,-44.347739],[-71.839018,-44.349976],[-71.839351,-44.352403],[-71.83621,-44.357495],[-71.828643,-44.363396],[-71.834592,-44.367156],[-71.834069,-44.369345],[-71.822409,-44.373913],[-71.817508,-44.377483],[-71.817079,-44.3801],[-71.821029,-44.383669],[-71.819935,-44.38562],[-71.821315,-44.388333],[-71.820839,-44.392283],[-71.81884,-44.394044],[-71.814605,-44.393996],[-71.805134,-44.39766],[-71.804325,-44.399136],[-71.807228,-44.405798],[-71.813558,-44.410129],[-71.815067,-44.416117],[-71.802993,-44.419647],[-71.774392,-44.40832],[-71.767349,-44.410414],[-71.763303,-44.40418],[-71.751549,-44.399564],[-71.73632,-44.399183],[-71.720568,-44.390474],[-71.717674,-44.386426],[-71.717003,-44.382031],[-71.711693,-44.379224],[-71.69387,-44.382398],[-71.697887,-44.389267],[-71.692831,-44.397595],[-71.682837,-44.399945],[-71.678108,-44.404466],[-71.669274,-44.408481],[-71.662255,-44.407351],[-71.657883,-44.408987],[-71.642862,-44.403573],[-71.638341,-44.398577],[-71.617235,-44.398494],[-71.611134,-44.40213],[-71.588715,-44.398699],[-71.583285,-44.404928],[-71.551787,-44.408971],[-71.53918,-44.406727],[-71.523389,-44.397233],[-71.510498,-44.394002],[-71.493982,-44.399355],[-71.488616,-44.399328],[-71.469859,-44.392161],[-71.467161,-44.388722],[-71.450802,-44.395934],[-71.44354,-44.396067],[-71.425817,-44.392336],[-71.420239,-44.388934],[-71.408495,-44.392743],[-71.403417,-44.389939],[-71.386197,-44.385275],[-71.377496,-44.390944],[-71.365936,-44.390825],[-71.366512,-44.395882],[-71.365195,-44.397198],[-71.352667,-44.4034],[-71.356073,-44.40632],[-71.356731,-44.409518],[-71.348885,-44.424795],[-71.340923,-44.418803],[-71.335893,-44.41877],[-71.333508,-44.419322],[-71.33063,-44.424422],[-71.3246,-44.427498],[-71.312189,-44.429556],[-71.308285,-44.4242],[-71.293486,-44.422967],[-71.267656,-44.423843],[-71.259222,-44.419664],[-71.246182,-44.417404],[-71.236604,-44.420215],[-71.2278,-44.433034],[-71.222731,-44.436246],[-71.217506,-44.436761],[-71.209179,-44.433336],[-71.183929,-44.441005],[-71.17111,-44.439102],[-71.153574,-44.459777],[-71.146178,-44.461976],[-71.141396,-44.467625],[-71.129689,-44.471803],[-71.139165,-44.479047],[-71.149176,-44.483329],[-71.151109,-44.489692],[-71.159589,-44.494544],[-71.163648,-44.498314],[-71.163729,-44.501044],[-71.158433,-44.504476],[-71.155939,-44.503396],[-71.146973,-44.505395],[-71.143261,-44.508079],[-71.134295,-44.505738],[-71.127718,-44.50804],[-71.123216,-44.513847],[-71.120761,-44.515217],[-71.116877,-44.514646],[-71.112728,-44.516901],[-71.107298,-44.524296],[-71.096338,-44.52876],[-71.091463,-44.532549],[-71.092093,-44.536575],[-71.095405,-44.539259],[-71.09392,-44.541487],[-71.096336,-44.548408],[-71.103246,-44.553338],[-71.097861,-44.561189],[-71.102144,-44.56393],[-71.102429,-44.565814],[-71.099974,-44.56827],[-71.100156,-44.571767],[-71.101068,-44.573932],[-71.105456,-44.575066],[-71.105285,-44.577007],[-71.104599,-44.580262],[-71.097233,-44.587058],[-71.101901,-44.590688],[-71.111747,-44.590236],[-71.119327,-44.596877],[-71.125329,-44.594653],[-71.127885,-44.597584],[-71.136865,-44.596367],[-71.148938,-44.591654],[-71.164333,-44.592655],[-71.176321,-44.599716],[-71.188649,-44.593834],[-71.200847,-44.591636],[-71.200082,-44.597166],[-71.19431,-44.601981],[-71.198274,-44.603713],[-71.199938,-44.608734],[-71.207768,-44.613041],[-71.209234,-44.616139],[-71.215064,-44.616972],[-71.216492,-44.620986],[-71.209167,-44.6254],[-71.21453,-44.62709],[-71.213689,-44.632856],[-71.216358,-44.63577],[-71.225824,-44.637359],[-71.228465,-44.641024],[-71.231725,-44.63829],[-71.235489,-44.640919],[-71.231377,-44.644165],[-71.234461,-44.648791],[-71.234461,-44.652389],[-71.232634,-44.653839],[-70.613698,-44.667088],[-69.918686,-44.678032],[-69.509117,-44.144913],[-69.53138,-43.784729]]]}},{"type":"Feature","properties":{"territorio_id":"26105","territorio_nombre":"Telsen","tipo_territorio":"Departamento","fuente_cartografica":"Censo 2022 - Departamentos - Chubut"},"geometry":{"type":"Polygon","coordinates":[[[-67.750569,-41.999988],[-68.389397,-41.999998],[-68.381599,-42.882832],[-67.773872,-42.882572],[-67.170326,-42.879128],[-65.942741,-42.862286],[-65.973601,-42.0],[-67.750569,-41.999988]]]}}]}
